id,details_link
1,https://regexlib.com/REDetails.aspx?regexp_id=1
2,https://regexlib.com/REDetails.aspx?regexp_id=2
3,https://regexlib.com/REDetails.aspx?regexp_id=3
4,https://regexlib.com/REDetails.aspx?regexp_id=4
5,https://regexlib.com/REDetails.aspx?regexp_id=9
6,https://regexlib.com/REDetails.aspx?regexp_id=10
7,https://regexlib.com/REDetails.aspx?regexp_id=11
8,https://regexlib.com/REDetails.aspx?regexp_id=12
9,https://regexlib.com/REDetails.aspx?regexp_id=13
10,https://regexlib.com/REDetails.aspx?regexp_id=14
11,https://regexlib.com/REDetails.aspx?regexp_id=15
12,https://regexlib.com/REDetails.aspx?regexp_id=16
13,https://regexlib.com/REDetails.aspx?regexp_id=17
15,https://regexlib.com/REDetails.aspx?regexp_id=19
16,https://regexlib.com/REDetails.aspx?regexp_id=20
18,https://regexlib.com/REDetails.aspx?regexp_id=22
19,https://regexlib.com/REDetails.aspx?regexp_id=23
20,https://regexlib.com/REDetails.aspx?regexp_id=25
25,https://regexlib.com/REDetails.aspx?regexp_id=30
26,https://regexlib.com/REDetails.aspx?regexp_id=31
27,https://regexlib.com/REDetails.aspx?regexp_id=32
29,https://regexlib.com/REDetails.aspx?regexp_id=34
31,https://regexlib.com/REDetails.aspx?regexp_id=36
33,https://regexlib.com/REDetails.aspx?regexp_id=38
34,https://regexlib.com/REDetails.aspx?regexp_id=39
36,https://regexlib.com/REDetails.aspx?regexp_id=41
37,https://regexlib.com/REDetails.aspx?regexp_id=42
41,https://regexlib.com/REDetails.aspx?regexp_id=46
42,https://regexlib.com/REDetails.aspx?regexp_id=47
44,https://regexlib.com/REDetails.aspx?regexp_id=49
45,https://regexlib.com/REDetails.aspx?regexp_id=50
46,https://regexlib.com/REDetails.aspx?regexp_id=51
47,https://regexlib.com/REDetails.aspx?regexp_id=52
48,https://regexlib.com/REDetails.aspx?regexp_id=53
49,https://regexlib.com/REDetails.aspx?regexp_id=54
53,https://regexlib.com/REDetails.aspx?regexp_id=58
54,https://regexlib.com/REDetails.aspx?regexp_id=59
55,https://regexlib.com/REDetails.aspx?regexp_id=60
57,https://regexlib.com/REDetails.aspx?regexp_id=62
64,https://regexlib.com/REDetails.aspx?regexp_id=69
65,https://regexlib.com/REDetails.aspx?regexp_id=70
66,https://regexlib.com/REDetails.aspx?regexp_id=71
67,https://regexlib.com/REDetails.aspx?regexp_id=73
68,https://regexlib.com/REDetails.aspx?regexp_id=74
69,https://regexlib.com/REDetails.aspx?regexp_id=75
72,https://regexlib.com/REDetails.aspx?regexp_id=78
73,https://regexlib.com/REDetails.aspx?regexp_id=79
74,https://regexlib.com/REDetails.aspx?regexp_id=80
75,https://regexlib.com/REDetails.aspx?regexp_id=82
76,https://regexlib.com/REDetails.aspx?regexp_id=83
77,https://regexlib.com/REDetails.aspx?regexp_id=84
78,https://regexlib.com/REDetails.aspx?regexp_id=85
80,https://regexlib.com/REDetails.aspx?regexp_id=87
81,https://regexlib.com/REDetails.aspx?regexp_id=88
82,https://regexlib.com/REDetails.aspx?regexp_id=89
83,https://regexlib.com/REDetails.aspx?regexp_id=90
84,https://regexlib.com/REDetails.aspx?regexp_id=91
86,https://regexlib.com/REDetails.aspx?regexp_id=93
87,https://regexlib.com/REDetails.aspx?regexp_id=95
89,https://regexlib.com/REDetails.aspx?regexp_id=97
92,https://regexlib.com/REDetails.aspx?regexp_id=101
94,https://regexlib.com/REDetails.aspx?regexp_id=103
95,https://regexlib.com/REDetails.aspx?regexp_id=104
96,https://regexlib.com/REDetails.aspx?regexp_id=105
97,https://regexlib.com/REDetails.aspx?regexp_id=106
98,https://regexlib.com/REDetails.aspx?regexp_id=107
99,https://regexlib.com/REDetails.aspx?regexp_id=108
100,https://regexlib.com/REDetails.aspx?regexp_id=109
103,https://regexlib.com/REDetails.aspx?regexp_id=112
104,https://regexlib.com/REDetails.aspx?regexp_id=113
107,https://regexlib.com/REDetails.aspx?regexp_id=116
108,https://regexlib.com/REDetails.aspx?regexp_id=117
110,https://regexlib.com/REDetails.aspx?regexp_id=122
112,https://regexlib.com/REDetails.aspx?regexp_id=124
113,https://regexlib.com/REDetails.aspx?regexp_id=125
114,https://regexlib.com/REDetails.aspx?regexp_id=126
115,https://regexlib.com/REDetails.aspx?regexp_id=127
117,https://regexlib.com/REDetails.aspx?regexp_id=129
118,https://regexlib.com/REDetails.aspx?regexp_id=130
119,https://regexlib.com/REDetails.aspx?regexp_id=131
120,https://regexlib.com/REDetails.aspx?regexp_id=132
121,https://regexlib.com/REDetails.aspx?regexp_id=133
123,https://regexlib.com/REDetails.aspx?regexp_id=135
125,https://regexlib.com/REDetails.aspx?regexp_id=137
126,https://regexlib.com/REDetails.aspx?regexp_id=138
127,https://regexlib.com/REDetails.aspx?regexp_id=139
128,https://regexlib.com/REDetails.aspx?regexp_id=140
130,https://regexlib.com/REDetails.aspx?regexp_id=142
131,https://regexlib.com/REDetails.aspx?regexp_id=143
132,https://regexlib.com/REDetails.aspx?regexp_id=144
133,https://regexlib.com/REDetails.aspx?regexp_id=145
134,https://regexlib.com/REDetails.aspx?regexp_id=146
137,https://regexlib.com/REDetails.aspx?regexp_id=149
138,https://regexlib.com/REDetails.aspx?regexp_id=151
139,https://regexlib.com/REDetails.aspx?regexp_id=152
140,https://regexlib.com/REDetails.aspx?regexp_id=153
141,https://regexlib.com/REDetails.aspx?regexp_id=154
142,https://regexlib.com/REDetails.aspx?regexp_id=155
143,https://regexlib.com/REDetails.aspx?regexp_id=156
144,https://regexlib.com/REDetails.aspx?regexp_id=157
145,https://regexlib.com/REDetails.aspx?regexp_id=158
146,https://regexlib.com/REDetails.aspx?regexp_id=159
147,https://regexlib.com/REDetails.aspx?regexp_id=160
148,https://regexlib.com/REDetails.aspx?regexp_id=161
149,https://regexlib.com/REDetails.aspx?regexp_id=162
153,https://regexlib.com/REDetails.aspx?regexp_id=166
155,https://regexlib.com/REDetails.aspx?regexp_id=172
156,https://regexlib.com/REDetails.aspx?regexp_id=173
158,https://regexlib.com/REDetails.aspx?regexp_id=175
159,https://regexlib.com/REDetails.aspx?regexp_id=176
161,https://regexlib.com/REDetails.aspx?regexp_id=184
162,https://regexlib.com/REDetails.aspx?regexp_id=185
163,https://regexlib.com/REDetails.aspx?regexp_id=186
166,https://regexlib.com/REDetails.aspx?regexp_id=190
169,https://regexlib.com/REDetails.aspx?regexp_id=193
170,https://regexlib.com/REDetails.aspx?regexp_id=194
172,https://regexlib.com/REDetails.aspx?regexp_id=196
173,https://regexlib.com/REDetails.aspx?regexp_id=197
174,https://regexlib.com/REDetails.aspx?regexp_id=198
176,https://regexlib.com/REDetails.aspx?regexp_id=200
183,https://regexlib.com/REDetails.aspx?regexp_id=208
184,https://regexlib.com/REDetails.aspx?regexp_id=209
185,https://regexlib.com/REDetails.aspx?regexp_id=210
186,https://regexlib.com/REDetails.aspx?regexp_id=211
187,https://regexlib.com/REDetails.aspx?regexp_id=212
188,https://regexlib.com/REDetails.aspx?regexp_id=213
191,https://regexlib.com/REDetails.aspx?regexp_id=216
192,https://regexlib.com/REDetails.aspx?regexp_id=218
194,https://regexlib.com/REDetails.aspx?regexp_id=220
195,https://regexlib.com/REDetails.aspx?regexp_id=221
196,https://regexlib.com/REDetails.aspx?regexp_id=222
197,https://regexlib.com/REDetails.aspx?regexp_id=223
202,https://regexlib.com/REDetails.aspx?regexp_id=228
203,https://regexlib.com/REDetails.aspx?regexp_id=229
204,https://regexlib.com/REDetails.aspx?regexp_id=230
207,https://regexlib.com/REDetails.aspx?regexp_id=233
208,https://regexlib.com/REDetails.aspx?regexp_id=234
209,https://regexlib.com/REDetails.aspx?regexp_id=235
210,https://regexlib.com/REDetails.aspx?regexp_id=236
211,https://regexlib.com/REDetails.aspx?regexp_id=237
212,https://regexlib.com/REDetails.aspx?regexp_id=238
215,https://regexlib.com/REDetails.aspx?regexp_id=241
216,https://regexlib.com/REDetails.aspx?regexp_id=242
217,https://regexlib.com/REDetails.aspx?regexp_id=243
218,https://regexlib.com/REDetails.aspx?regexp_id=244
221,https://regexlib.com/REDetails.aspx?regexp_id=247
222,https://regexlib.com/REDetails.aspx?regexp_id=248
223,https://regexlib.com/REDetails.aspx?regexp_id=249
224,https://regexlib.com/REDetails.aspx?regexp_id=250
225,https://regexlib.com/REDetails.aspx?regexp_id=251
226,https://regexlib.com/REDetails.aspx?regexp_id=252
227,https://regexlib.com/REDetails.aspx?regexp_id=253
228,https://regexlib.com/REDetails.aspx?regexp_id=254
231,https://regexlib.com/REDetails.aspx?regexp_id=257
233,https://regexlib.com/REDetails.aspx?regexp_id=259
234,https://regexlib.com/REDetails.aspx?regexp_id=260
235,https://regexlib.com/REDetails.aspx?regexp_id=261
236,https://regexlib.com/REDetails.aspx?regexp_id=262
238,https://regexlib.com/REDetails.aspx?regexp_id=265
239,https://regexlib.com/REDetails.aspx?regexp_id=266
241,https://regexlib.com/REDetails.aspx?regexp_id=268
242,https://regexlib.com/REDetails.aspx?regexp_id=269
244,https://regexlib.com/REDetails.aspx?regexp_id=271
245,https://regexlib.com/REDetails.aspx?regexp_id=272
249,https://regexlib.com/REDetails.aspx?regexp_id=276
250,https://regexlib.com/REDetails.aspx?regexp_id=277
251,https://regexlib.com/REDetails.aspx?regexp_id=278
252,https://regexlib.com/REDetails.aspx?regexp_id=279
254,https://regexlib.com/REDetails.aspx?regexp_id=281
255,https://regexlib.com/REDetails.aspx?regexp_id=283
257,https://regexlib.com/REDetails.aspx?regexp_id=295
262,https://regexlib.com/REDetails.aspx?regexp_id=302
263,https://regexlib.com/REDetails.aspx?regexp_id=303
265,https://regexlib.com/REDetails.aspx?regexp_id=305
266,https://regexlib.com/REDetails.aspx?regexp_id=306
269,https://regexlib.com/REDetails.aspx?regexp_id=309
270,https://regexlib.com/REDetails.aspx?regexp_id=310
271,https://regexlib.com/REDetails.aspx?regexp_id=311
273,https://regexlib.com/REDetails.aspx?regexp_id=314
275,https://regexlib.com/REDetails.aspx?regexp_id=316
277,https://regexlib.com/REDetails.aspx?regexp_id=318
278,https://regexlib.com/REDetails.aspx?regexp_id=319
279,https://regexlib.com/REDetails.aspx?regexp_id=320
281,https://regexlib.com/REDetails.aspx?regexp_id=322
282,https://regexlib.com/REDetails.aspx?regexp_id=323
283,https://regexlib.com/REDetails.aspx?regexp_id=324
285,https://regexlib.com/REDetails.aspx?regexp_id=326
287,https://regexlib.com/REDetails.aspx?regexp_id=328
288,https://regexlib.com/REDetails.aspx?regexp_id=329
289,https://regexlib.com/REDetails.aspx?regexp_id=330
292,https://regexlib.com/REDetails.aspx?regexp_id=333
293,https://regexlib.com/REDetails.aspx?regexp_id=334
294,https://regexlib.com/REDetails.aspx?regexp_id=335
295,https://regexlib.com/REDetails.aspx?regexp_id=336
299,https://regexlib.com/REDetails.aspx?regexp_id=340
300,https://regexlib.com/REDetails.aspx?regexp_id=341
301,https://regexlib.com/REDetails.aspx?regexp_id=342
302,https://regexlib.com/REDetails.aspx?regexp_id=343
305,https://regexlib.com/REDetails.aspx?regexp_id=347
306,https://regexlib.com/REDetails.aspx?regexp_id=350
308,https://regexlib.com/REDetails.aspx?regexp_id=352
310,https://regexlib.com/REDetails.aspx?regexp_id=355
311,https://regexlib.com/REDetails.aspx?regexp_id=356
312,https://regexlib.com/REDetails.aspx?regexp_id=357
313,https://regexlib.com/REDetails.aspx?regexp_id=358
315,https://regexlib.com/REDetails.aspx?regexp_id=360
316,https://regexlib.com/REDetails.aspx?regexp_id=361
317,https://regexlib.com/REDetails.aspx?regexp_id=362
318,https://regexlib.com/REDetails.aspx?regexp_id=363
320,https://regexlib.com/REDetails.aspx?regexp_id=367
321,https://regexlib.com/REDetails.aspx?regexp_id=368
322,https://regexlib.com/REDetails.aspx?regexp_id=369
323,https://regexlib.com/REDetails.aspx?regexp_id=370
325,https://regexlib.com/REDetails.aspx?regexp_id=372
327,https://regexlib.com/REDetails.aspx?regexp_id=374
329,https://regexlib.com/REDetails.aspx?regexp_id=376
330,https://regexlib.com/REDetails.aspx?regexp_id=377
331,https://regexlib.com/REDetails.aspx?regexp_id=378
332,https://regexlib.com/REDetails.aspx?regexp_id=379
333,https://regexlib.com/REDetails.aspx?regexp_id=380
337,https://regexlib.com/REDetails.aspx?regexp_id=384
338,https://regexlib.com/REDetails.aspx?regexp_id=385
340,https://regexlib.com/REDetails.aspx?regexp_id=387
341,https://regexlib.com/REDetails.aspx?regexp_id=388
342,https://regexlib.com/REDetails.aspx?regexp_id=389
343,https://regexlib.com/REDetails.aspx?regexp_id=390
344,https://regexlib.com/REDetails.aspx?regexp_id=391
346,https://regexlib.com/REDetails.aspx?regexp_id=396
347,https://regexlib.com/REDetails.aspx?regexp_id=397
348,https://regexlib.com/REDetails.aspx?regexp_id=398
349,https://regexlib.com/REDetails.aspx?regexp_id=399
350,https://regexlib.com/REDetails.aspx?regexp_id=400
351,https://regexlib.com/REDetails.aspx?regexp_id=401
352,https://regexlib.com/REDetails.aspx?regexp_id=402
353,https://regexlib.com/REDetails.aspx?regexp_id=403
354,https://regexlib.com/REDetails.aspx?regexp_id=404
355,https://regexlib.com/REDetails.aspx?regexp_id=405
356,https://regexlib.com/REDetails.aspx?regexp_id=406
358,https://regexlib.com/REDetails.aspx?regexp_id=408
359,https://regexlib.com/REDetails.aspx?regexp_id=409
360,https://regexlib.com/REDetails.aspx?regexp_id=410
361,https://regexlib.com/REDetails.aspx?regexp_id=411
362,https://regexlib.com/REDetails.aspx?regexp_id=412
363,https://regexlib.com/REDetails.aspx?regexp_id=413
364,https://regexlib.com/REDetails.aspx?regexp_id=414
366,https://regexlib.com/REDetails.aspx?regexp_id=416
367,https://regexlib.com/REDetails.aspx?regexp_id=417
369,https://regexlib.com/REDetails.aspx?regexp_id=419
370,https://regexlib.com/REDetails.aspx?regexp_id=420
371,https://regexlib.com/REDetails.aspx?regexp_id=421
374,https://regexlib.com/REDetails.aspx?regexp_id=424
375,https://regexlib.com/REDetails.aspx?regexp_id=425
381,https://regexlib.com/REDetails.aspx?regexp_id=431
382,https://regexlib.com/REDetails.aspx?regexp_id=432
386,https://regexlib.com/REDetails.aspx?regexp_id=438
392,https://regexlib.com/REDetails.aspx?regexp_id=456
393,https://regexlib.com/REDetails.aspx?regexp_id=457
394,https://regexlib.com/REDetails.aspx?regexp_id=458
395,https://regexlib.com/REDetails.aspx?regexp_id=459
396,https://regexlib.com/REDetails.aspx?regexp_id=460
397,https://regexlib.com/REDetails.aspx?regexp_id=461
398,https://regexlib.com/REDetails.aspx?regexp_id=462
399,https://regexlib.com/REDetails.aspx?regexp_id=463
400,https://regexlib.com/REDetails.aspx?regexp_id=464
401,https://regexlib.com/REDetails.aspx?regexp_id=465
402,https://regexlib.com/REDetails.aspx?regexp_id=466
403,https://regexlib.com/REDetails.aspx?regexp_id=469
404,https://regexlib.com/REDetails.aspx?regexp_id=470
405,https://regexlib.com/REDetails.aspx?regexp_id=471
407,https://regexlib.com/REDetails.aspx?regexp_id=473
408,https://regexlib.com/REDetails.aspx?regexp_id=474
412,https://regexlib.com/REDetails.aspx?regexp_id=479
420,https://regexlib.com/REDetails.aspx?regexp_id=487
421,https://regexlib.com/REDetails.aspx?regexp_id=488
429,https://regexlib.com/REDetails.aspx?regexp_id=496
431,https://regexlib.com/REDetails.aspx?regexp_id=498
433,https://regexlib.com/REDetails.aspx?regexp_id=500
435,https://regexlib.com/REDetails.aspx?regexp_id=502
439,https://regexlib.com/REDetails.aspx?regexp_id=506
440,https://regexlib.com/REDetails.aspx?regexp_id=507
441,https://regexlib.com/REDetails.aspx?regexp_id=508
442,https://regexlib.com/REDetails.aspx?regexp_id=509
444,https://regexlib.com/REDetails.aspx?regexp_id=514
452,https://regexlib.com/REDetails.aspx?regexp_id=522
454,https://regexlib.com/REDetails.aspx?regexp_id=524
458,https://regexlib.com/REDetails.aspx?regexp_id=528
459,https://regexlib.com/REDetails.aspx?regexp_id=529
460,https://regexlib.com/REDetails.aspx?regexp_id=530
462,https://regexlib.com/REDetails.aspx?regexp_id=532
464,https://regexlib.com/REDetails.aspx?regexp_id=534
465,https://regexlib.com/REDetails.aspx?regexp_id=535
471,https://regexlib.com/REDetails.aspx?regexp_id=541
473,https://regexlib.com/REDetails.aspx?regexp_id=543
478,https://regexlib.com/REDetails.aspx?regexp_id=549
482,https://regexlib.com/REDetails.aspx?regexp_id=553
488,https://regexlib.com/REDetails.aspx?regexp_id=563
489,https://regexlib.com/REDetails.aspx?regexp_id=564
490,https://regexlib.com/REDetails.aspx?regexp_id=565
492,https://regexlib.com/REDetails.aspx?regexp_id=568
493,https://regexlib.com/REDetails.aspx?regexp_id=569
495,https://regexlib.com/REDetails.aspx?regexp_id=571
496,https://regexlib.com/REDetails.aspx?regexp_id=573
497,https://regexlib.com/REDetails.aspx?regexp_id=574
498,https://regexlib.com/REDetails.aspx?regexp_id=575
499,https://regexlib.com/REDetails.aspx?regexp_id=576
500,https://regexlib.com/REDetails.aspx?regexp_id=578
501,https://regexlib.com/REDetails.aspx?regexp_id=579
502,https://regexlib.com/REDetails.aspx?regexp_id=580
507,https://regexlib.com/REDetails.aspx?regexp_id=585
510,https://regexlib.com/REDetails.aspx?regexp_id=588
511,https://regexlib.com/REDetails.aspx?regexp_id=589
512,https://regexlib.com/REDetails.aspx?regexp_id=590
517,https://regexlib.com/REDetails.aspx?regexp_id=595
518,https://regexlib.com/REDetails.aspx?regexp_id=596
519,https://regexlib.com/REDetails.aspx?regexp_id=597
520,https://regexlib.com/REDetails.aspx?regexp_id=598
521,https://regexlib.com/REDetails.aspx?regexp_id=599
523,https://regexlib.com/REDetails.aspx?regexp_id=601
524,https://regexlib.com/REDetails.aspx?regexp_id=602
525,https://regexlib.com/REDetails.aspx?regexp_id=603
526,https://regexlib.com/REDetails.aspx?regexp_id=604
527,https://regexlib.com/REDetails.aspx?regexp_id=605
529,https://regexlib.com/REDetails.aspx?regexp_id=607
530,https://regexlib.com/REDetails.aspx?regexp_id=608
531,https://regexlib.com/REDetails.aspx?regexp_id=609
532,https://regexlib.com/REDetails.aspx?regexp_id=610
535,https://regexlib.com/REDetails.aspx?regexp_id=613
537,https://regexlib.com/REDetails.aspx?regexp_id=615
538,https://regexlib.com/REDetails.aspx?regexp_id=616
542,https://regexlib.com/REDetails.aspx?regexp_id=622
544,https://regexlib.com/REDetails.aspx?regexp_id=624
545,https://regexlib.com/REDetails.aspx?regexp_id=625
547,https://regexlib.com/REDetails.aspx?regexp_id=627
550,https://regexlib.com/REDetails.aspx?regexp_id=630
567,https://regexlib.com/REDetails.aspx?regexp_id=648
569,https://regexlib.com/REDetails.aspx?regexp_id=651
571,https://regexlib.com/REDetails.aspx?regexp_id=653
577,https://regexlib.com/REDetails.aspx?regexp_id=659
578,https://regexlib.com/REDetails.aspx?regexp_id=660
580,https://regexlib.com/REDetails.aspx?regexp_id=662
582,https://regexlib.com/REDetails.aspx?regexp_id=664
583,https://regexlib.com/REDetails.aspx?regexp_id=665
589,https://regexlib.com/REDetails.aspx?regexp_id=671
590,https://regexlib.com/REDetails.aspx?regexp_id=672
604,https://regexlib.com/REDetails.aspx?regexp_id=686
605,https://regexlib.com/REDetails.aspx?regexp_id=687
607,https://regexlib.com/REDetails.aspx?regexp_id=689
610,https://regexlib.com/REDetails.aspx?regexp_id=692
619,https://regexlib.com/REDetails.aspx?regexp_id=701
620,https://regexlib.com/REDetails.aspx?regexp_id=702
621,https://regexlib.com/REDetails.aspx?regexp_id=703
623,https://regexlib.com/REDetails.aspx?regexp_id=705
626,https://regexlib.com/REDetails.aspx?regexp_id=708
627,https://regexlib.com/REDetails.aspx?regexp_id=709
634,https://regexlib.com/REDetails.aspx?regexp_id=716
635,https://regexlib.com/REDetails.aspx?regexp_id=717
637,https://regexlib.com/REDetails.aspx?regexp_id=719
638,https://regexlib.com/REDetails.aspx?regexp_id=720
639,https://regexlib.com/REDetails.aspx?regexp_id=721
640,https://regexlib.com/REDetails.aspx?regexp_id=722
641,https://regexlib.com/REDetails.aspx?regexp_id=723
642,https://regexlib.com/REDetails.aspx?regexp_id=724
644,https://regexlib.com/REDetails.aspx?regexp_id=726
645,https://regexlib.com/REDetails.aspx?regexp_id=727
647,https://regexlib.com/REDetails.aspx?regexp_id=729
650,https://regexlib.com/REDetails.aspx?regexp_id=732
651,https://regexlib.com/REDetails.aspx?regexp_id=733
652,https://regexlib.com/REDetails.aspx?regexp_id=734
653,https://regexlib.com/REDetails.aspx?regexp_id=735
654,https://regexlib.com/REDetails.aspx?regexp_id=736
655,https://regexlib.com/REDetails.aspx?regexp_id=737
656,https://regexlib.com/REDetails.aspx?regexp_id=738
657,https://regexlib.com/REDetails.aspx?regexp_id=741
660,https://regexlib.com/REDetails.aspx?regexp_id=744
662,https://regexlib.com/REDetails.aspx?regexp_id=746
665,https://regexlib.com/REDetails.aspx?regexp_id=749
673,https://regexlib.com/REDetails.aspx?regexp_id=759
675,https://regexlib.com/REDetails.aspx?regexp_id=761
676,https://regexlib.com/REDetails.aspx?regexp_id=762
677,https://regexlib.com/REDetails.aspx?regexp_id=763
678,https://regexlib.com/REDetails.aspx?regexp_id=764
679,https://regexlib.com/REDetails.aspx?regexp_id=765
680,https://regexlib.com/REDetails.aspx?regexp_id=766
684,https://regexlib.com/REDetails.aspx?regexp_id=770
688,https://regexlib.com/REDetails.aspx?regexp_id=775
689,https://regexlib.com/REDetails.aspx?regexp_id=776
693,https://regexlib.com/REDetails.aspx?regexp_id=781
697,https://regexlib.com/REDetails.aspx?regexp_id=786
702,https://regexlib.com/REDetails.aspx?regexp_id=795
703,https://regexlib.com/REDetails.aspx?regexp_id=797
704,https://regexlib.com/REDetails.aspx?regexp_id=798
705,https://regexlib.com/REDetails.aspx?regexp_id=799
706,https://regexlib.com/REDetails.aspx?regexp_id=800
708,https://regexlib.com/REDetails.aspx?regexp_id=802
709,https://regexlib.com/REDetails.aspx?regexp_id=803
711,https://regexlib.com/REDetails.aspx?regexp_id=805
712,https://regexlib.com/REDetails.aspx?regexp_id=806
714,https://regexlib.com/REDetails.aspx?regexp_id=808
715,https://regexlib.com/REDetails.aspx?regexp_id=809
722,https://regexlib.com/REDetails.aspx?regexp_id=819
724,https://regexlib.com/REDetails.aspx?regexp_id=821
725,https://regexlib.com/REDetails.aspx?regexp_id=822
727,https://regexlib.com/REDetails.aspx?regexp_id=824
729,https://regexlib.com/REDetails.aspx?regexp_id=826
730,https://regexlib.com/REDetails.aspx?regexp_id=827
731,https://regexlib.com/REDetails.aspx?regexp_id=829
732,https://regexlib.com/REDetails.aspx?regexp_id=830
734,https://regexlib.com/REDetails.aspx?regexp_id=832
735,https://regexlib.com/REDetails.aspx?regexp_id=834
736,https://regexlib.com/REDetails.aspx?regexp_id=835
738,https://regexlib.com/REDetails.aspx?regexp_id=837
739,https://regexlib.com/REDetails.aspx?regexp_id=838
741,https://regexlib.com/REDetails.aspx?regexp_id=841
742,https://regexlib.com/REDetails.aspx?regexp_id=842
743,https://regexlib.com/REDetails.aspx?regexp_id=843
744,https://regexlib.com/REDetails.aspx?regexp_id=844
746,https://regexlib.com/REDetails.aspx?regexp_id=846
747,https://regexlib.com/REDetails.aspx?regexp_id=847
748,https://regexlib.com/REDetails.aspx?regexp_id=848
749,https://regexlib.com/REDetails.aspx?regexp_id=850
750,https://regexlib.com/REDetails.aspx?regexp_id=851
751,https://regexlib.com/REDetails.aspx?regexp_id=852
753,https://regexlib.com/REDetails.aspx?regexp_id=854
754,https://regexlib.com/REDetails.aspx?regexp_id=855
755,https://regexlib.com/REDetails.aspx?regexp_id=856
756,https://regexlib.com/REDetails.aspx?regexp_id=857
757,https://regexlib.com/REDetails.aspx?regexp_id=858
758,https://regexlib.com/REDetails.aspx?regexp_id=859
759,https://regexlib.com/REDetails.aspx?regexp_id=860
760,https://regexlib.com/REDetails.aspx?regexp_id=861
766,https://regexlib.com/REDetails.aspx?regexp_id=867
767,https://regexlib.com/REDetails.aspx?regexp_id=869
768,https://regexlib.com/REDetails.aspx?regexp_id=870
772,https://regexlib.com/REDetails.aspx?regexp_id=875
775,https://regexlib.com/REDetails.aspx?regexp_id=879
778,https://regexlib.com/REDetails.aspx?regexp_id=882
782,https://regexlib.com/REDetails.aspx?regexp_id=886
783,https://regexlib.com/REDetails.aspx?regexp_id=887
787,https://regexlib.com/REDetails.aspx?regexp_id=892
788,https://regexlib.com/REDetails.aspx?regexp_id=894
790,https://regexlib.com/REDetails.aspx?regexp_id=897
793,https://regexlib.com/REDetails.aspx?regexp_id=900
795,https://regexlib.com/REDetails.aspx?regexp_id=902
796,https://regexlib.com/REDetails.aspx?regexp_id=903
797,https://regexlib.com/REDetails.aspx?regexp_id=904
798,https://regexlib.com/REDetails.aspx?regexp_id=905
799,https://regexlib.com/REDetails.aspx?regexp_id=906
801,https://regexlib.com/REDetails.aspx?regexp_id=908
803,https://regexlib.com/REDetails.aspx?regexp_id=910
804,https://regexlib.com/REDetails.aspx?regexp_id=911
805,https://regexlib.com/REDetails.aspx?regexp_id=912
808,https://regexlib.com/REDetails.aspx?regexp_id=916
814,https://regexlib.com/REDetails.aspx?regexp_id=924
815,https://regexlib.com/REDetails.aspx?regexp_id=925
816,https://regexlib.com/REDetails.aspx?regexp_id=926
817,https://regexlib.com/REDetails.aspx?regexp_id=927
822,https://regexlib.com/REDetails.aspx?regexp_id=932
823,https://regexlib.com/REDetails.aspx?regexp_id=933
825,https://regexlib.com/REDetails.aspx?regexp_id=935
827,https://regexlib.com/REDetails.aspx?regexp_id=937
831,https://regexlib.com/REDetails.aspx?regexp_id=941
833,https://regexlib.com/REDetails.aspx?regexp_id=943
834,https://regexlib.com/REDetails.aspx?regexp_id=944
836,https://regexlib.com/REDetails.aspx?regexp_id=946
837,https://regexlib.com/REDetails.aspx?regexp_id=947
838,https://regexlib.com/REDetails.aspx?regexp_id=948
839,https://regexlib.com/REDetails.aspx?regexp_id=949
840,https://regexlib.com/REDetails.aspx?regexp_id=950
841,https://regexlib.com/REDetails.aspx?regexp_id=951
842,https://regexlib.com/REDetails.aspx?regexp_id=952
844,https://regexlib.com/REDetails.aspx?regexp_id=954
848,https://regexlib.com/REDetails.aspx?regexp_id=960
849,https://regexlib.com/REDetails.aspx?regexp_id=961
851,https://regexlib.com/REDetails.aspx?regexp_id=963
852,https://regexlib.com/REDetails.aspx?regexp_id=964
853,https://regexlib.com/REDetails.aspx?regexp_id=965
858,https://regexlib.com/REDetails.aspx?regexp_id=970
859,https://regexlib.com/REDetails.aspx?regexp_id=971
860,https://regexlib.com/REDetails.aspx?regexp_id=972
861,https://regexlib.com/REDetails.aspx?regexp_id=974
862,https://regexlib.com/REDetails.aspx?regexp_id=975
863,https://regexlib.com/REDetails.aspx?regexp_id=976
865,https://regexlib.com/REDetails.aspx?regexp_id=978
867,https://regexlib.com/REDetails.aspx?regexp_id=980
869,https://regexlib.com/REDetails.aspx?regexp_id=982
870,https://regexlib.com/REDetails.aspx?regexp_id=983
875,https://regexlib.com/REDetails.aspx?regexp_id=989
876,https://regexlib.com/REDetails.aspx?regexp_id=991
877,https://regexlib.com/REDetails.aspx?regexp_id=992
879,https://regexlib.com/REDetails.aspx?regexp_id=994
880,https://regexlib.com/REDetails.aspx?regexp_id=995
881,https://regexlib.com/REDetails.aspx?regexp_id=996
882,https://regexlib.com/REDetails.aspx?regexp_id=997
884,https://regexlib.com/REDetails.aspx?regexp_id=999
885,https://regexlib.com/REDetails.aspx?regexp_id=1000
888,https://regexlib.com/REDetails.aspx?regexp_id=1003
889,https://regexlib.com/REDetails.aspx?regexp_id=1004
890,https://regexlib.com/REDetails.aspx?regexp_id=1005
891,https://regexlib.com/REDetails.aspx?regexp_id=1006
892,https://regexlib.com/REDetails.aspx?regexp_id=1007
893,https://regexlib.com/REDetails.aspx?regexp_id=1008
894,https://regexlib.com/REDetails.aspx?regexp_id=1009
895,https://regexlib.com/REDetails.aspx?regexp_id=1010
896,https://regexlib.com/REDetails.aspx?regexp_id=1012
897,https://regexlib.com/REDetails.aspx?regexp_id=1013
898,https://regexlib.com/REDetails.aspx?regexp_id=1014
900,https://regexlib.com/REDetails.aspx?regexp_id=1018
901,https://regexlib.com/REDetails.aspx?regexp_id=1019
902,https://regexlib.com/REDetails.aspx?regexp_id=1020
903,https://regexlib.com/REDetails.aspx?regexp_id=1021
904,https://regexlib.com/REDetails.aspx?regexp_id=1023
907,https://regexlib.com/REDetails.aspx?regexp_id=1026
909,https://regexlib.com/REDetails.aspx?regexp_id=1028
911,https://regexlib.com/REDetails.aspx?regexp_id=1030
912,https://regexlib.com/REDetails.aspx?regexp_id=1031
913,https://regexlib.com/REDetails.aspx?regexp_id=1032
914,https://regexlib.com/REDetails.aspx?regexp_id=1033
915,https://regexlib.com/REDetails.aspx?regexp_id=1034
916,https://regexlib.com/REDetails.aspx?regexp_id=1036
918,https://regexlib.com/REDetails.aspx?regexp_id=1038
919,https://regexlib.com/REDetails.aspx?regexp_id=1039
923,https://regexlib.com/REDetails.aspx?regexp_id=1046
926,https://regexlib.com/REDetails.aspx?regexp_id=1049
928,https://regexlib.com/REDetails.aspx?regexp_id=1051
929,https://regexlib.com/REDetails.aspx?regexp_id=1052
930,https://regexlib.com/REDetails.aspx?regexp_id=1053
932,https://regexlib.com/REDetails.aspx?regexp_id=1055
933,https://regexlib.com/REDetails.aspx?regexp_id=1056
936,https://regexlib.com/REDetails.aspx?regexp_id=1059
937,https://regexlib.com/REDetails.aspx?regexp_id=1060
940,https://regexlib.com/REDetails.aspx?regexp_id=1063
943,https://regexlib.com/REDetails.aspx?regexp_id=1066
946,https://regexlib.com/REDetails.aspx?regexp_id=1070
947,https://regexlib.com/REDetails.aspx?regexp_id=1071
948,https://regexlib.com/REDetails.aspx?regexp_id=1072
949,https://regexlib.com/REDetails.aspx?regexp_id=1075
950,https://regexlib.com/REDetails.aspx?regexp_id=1077
952,https://regexlib.com/REDetails.aspx?regexp_id=1079
954,https://regexlib.com/REDetails.aspx?regexp_id=1081
957,https://regexlib.com/REDetails.aspx?regexp_id=1086
965,https://regexlib.com/REDetails.aspx?regexp_id=1095
966,https://regexlib.com/REDetails.aspx?regexp_id=1096
968,https://regexlib.com/REDetails.aspx?regexp_id=1098
969,https://regexlib.com/REDetails.aspx?regexp_id=1099
970,https://regexlib.com/REDetails.aspx?regexp_id=1100
971,https://regexlib.com/REDetails.aspx?regexp_id=1101
972,https://regexlib.com/REDetails.aspx?regexp_id=1102
975,https://regexlib.com/REDetails.aspx?regexp_id=1105
976,https://regexlib.com/REDetails.aspx?regexp_id=1106
977,https://regexlib.com/REDetails.aspx?regexp_id=1108
979,https://regexlib.com/REDetails.aspx?regexp_id=1111
984,https://regexlib.com/REDetails.aspx?regexp_id=1116
985,https://regexlib.com/REDetails.aspx?regexp_id=1117
986,https://regexlib.com/REDetails.aspx?regexp_id=1118
987,https://regexlib.com/REDetails.aspx?regexp_id=1119
988,https://regexlib.com/REDetails.aspx?regexp_id=1120
989,https://regexlib.com/REDetails.aspx?regexp_id=1121
990,https://regexlib.com/REDetails.aspx?regexp_id=1122
991,https://regexlib.com/REDetails.aspx?regexp_id=1123
992,https://regexlib.com/REDetails.aspx?regexp_id=1124
993,https://regexlib.com/REDetails.aspx?regexp_id=1125
995,https://regexlib.com/REDetails.aspx?regexp_id=1129
996,https://regexlib.com/REDetails.aspx?regexp_id=1130
997,https://regexlib.com/REDetails.aspx?regexp_id=1131
998,https://regexlib.com/REDetails.aspx?regexp_id=1133
999,https://regexlib.com/REDetails.aspx?regexp_id=1135
1000,https://regexlib.com/REDetails.aspx?regexp_id=1136
1001,https://regexlib.com/REDetails.aspx?regexp_id=1137
1003,https://regexlib.com/REDetails.aspx?regexp_id=1139
1006,https://regexlib.com/REDetails.aspx?regexp_id=1142
1007,https://regexlib.com/REDetails.aspx?regexp_id=1143
1008,https://regexlib.com/REDetails.aspx?regexp_id=1144
1009,https://regexlib.com/REDetails.aspx?regexp_id=1145
1010,https://regexlib.com/REDetails.aspx?regexp_id=1146
1011,https://regexlib.com/REDetails.aspx?regexp_id=1147
1012,https://regexlib.com/REDetails.aspx?regexp_id=1148
1013,https://regexlib.com/REDetails.aspx?regexp_id=1149
1014,https://regexlib.com/REDetails.aspx?regexp_id=1150
1015,https://regexlib.com/REDetails.aspx?regexp_id=1151
1016,https://regexlib.com/REDetails.aspx?regexp_id=1152
1017,https://regexlib.com/REDetails.aspx?regexp_id=1153
1018,https://regexlib.com/REDetails.aspx?regexp_id=1154
1019,https://regexlib.com/REDetails.aspx?regexp_id=1155
1047,https://regexlib.com/REDetails.aspx?regexp_id=1188
1049,https://regexlib.com/REDetails.aspx?regexp_id=1190
1051,https://regexlib.com/REDetails.aspx?regexp_id=1193
1053,https://regexlib.com/REDetails.aspx?regexp_id=1195
1058,https://regexlib.com/REDetails.aspx?regexp_id=1200
1059,https://regexlib.com/REDetails.aspx?regexp_id=1201
1062,https://regexlib.com/REDetails.aspx?regexp_id=1204
1063,https://regexlib.com/REDetails.aspx?regexp_id=1205
1064,https://regexlib.com/REDetails.aspx?regexp_id=1206
1066,https://regexlib.com/REDetails.aspx?regexp_id=1208
1068,https://regexlib.com/REDetails.aspx?regexp_id=1210
1070,https://regexlib.com/REDetails.aspx?regexp_id=1212
1074,https://regexlib.com/REDetails.aspx?regexp_id=1216
1090,https://regexlib.com/REDetails.aspx?regexp_id=1232
1091,https://regexlib.com/REDetails.aspx?regexp_id=1233
1092,https://regexlib.com/REDetails.aspx?regexp_id=1234
1094,https://regexlib.com/REDetails.aspx?regexp_id=1236
1095,https://regexlib.com/REDetails.aspx?regexp_id=1237
1096,https://regexlib.com/REDetails.aspx?regexp_id=1238
1098,https://regexlib.com/REDetails.aspx?regexp_id=1240
1099,https://regexlib.com/REDetails.aspx?regexp_id=1241
1101,https://regexlib.com/REDetails.aspx?regexp_id=1244
1103,https://regexlib.com/REDetails.aspx?regexp_id=1247
1104,https://regexlib.com/REDetails.aspx?regexp_id=1248
1105,https://regexlib.com/REDetails.aspx?regexp_id=1250
1107,https://regexlib.com/REDetails.aspx?regexp_id=1252
1108,https://regexlib.com/REDetails.aspx?regexp_id=1253
1109,https://regexlib.com/REDetails.aspx?regexp_id=1254
1117,https://regexlib.com/REDetails.aspx?regexp_id=1264
1121,https://regexlib.com/REDetails.aspx?regexp_id=1268
1124,https://regexlib.com/REDetails.aspx?regexp_id=1271
1125,https://regexlib.com/REDetails.aspx?regexp_id=1272
1134,https://regexlib.com/REDetails.aspx?regexp_id=1281
1135,https://regexlib.com/REDetails.aspx?regexp_id=1282
1138,https://regexlib.com/REDetails.aspx?regexp_id=1285
1139,https://regexlib.com/REDetails.aspx?regexp_id=1286
1145,https://regexlib.com/REDetails.aspx?regexp_id=1292
1146,https://regexlib.com/REDetails.aspx?regexp_id=1293
1147,https://regexlib.com/REDetails.aspx?regexp_id=1294
1148,https://regexlib.com/REDetails.aspx?regexp_id=1295
1164,https://regexlib.com/REDetails.aspx?regexp_id=1311
1165,https://regexlib.com/REDetails.aspx?regexp_id=1312
1167,https://regexlib.com/REDetails.aspx?regexp_id=1314
1177,https://regexlib.com/REDetails.aspx?regexp_id=1326
1179,https://regexlib.com/REDetails.aspx?regexp_id=1329
1180,https://regexlib.com/REDetails.aspx?regexp_id=1330
1189,https://regexlib.com/REDetails.aspx?regexp_id=1359
1196,https://regexlib.com/REDetails.aspx?regexp_id=1368
1199,https://regexlib.com/REDetails.aspx?regexp_id=1371
1209,https://regexlib.com/REDetails.aspx?regexp_id=1386
1212,https://regexlib.com/REDetails.aspx?regexp_id=1392
1213,https://regexlib.com/REDetails.aspx?regexp_id=1393
1217,https://regexlib.com/REDetails.aspx?regexp_id=1397
1219,https://regexlib.com/REDetails.aspx?regexp_id=1401
1221,https://regexlib.com/REDetails.aspx?regexp_id=1403
1223,https://regexlib.com/REDetails.aspx?regexp_id=1406
1224,https://regexlib.com/REDetails.aspx?regexp_id=1407
1227,https://regexlib.com/REDetails.aspx?regexp_id=1412
1230,https://regexlib.com/REDetails.aspx?regexp_id=1415
1239,https://regexlib.com/REDetails.aspx?regexp_id=1424
1242,https://regexlib.com/REDetails.aspx?regexp_id=1427
1244,https://regexlib.com/REDetails.aspx?regexp_id=1429
1246,https://regexlib.com/REDetails.aspx?regexp_id=1431
1251,https://regexlib.com/REDetails.aspx?regexp_id=1436
1253,https://regexlib.com/REDetails.aspx?regexp_id=1438
1254,https://regexlib.com/REDetails.aspx?regexp_id=1439
1255,https://regexlib.com/REDetails.aspx?regexp_id=1440
1257,https://regexlib.com/REDetails.aspx?regexp_id=1443
1260,https://regexlib.com/REDetails.aspx?regexp_id=1449
1263,https://regexlib.com/REDetails.aspx?regexp_id=1452
1264,https://regexlib.com/REDetails.aspx?regexp_id=1453
1265,https://regexlib.com/REDetails.aspx?regexp_id=1454
1267,https://regexlib.com/REDetails.aspx?regexp_id=1456
1268,https://regexlib.com/REDetails.aspx?regexp_id=1457
1278,https://regexlib.com/REDetails.aspx?regexp_id=1467
1284,https://regexlib.com/REDetails.aspx?regexp_id=1474
1296,https://regexlib.com/REDetails.aspx?regexp_id=1492
1300,https://regexlib.com/REDetails.aspx?regexp_id=1496
1313,https://regexlib.com/REDetails.aspx?regexp_id=1510
1314,https://regexlib.com/REDetails.aspx?regexp_id=1511
1315,https://regexlib.com/REDetails.aspx?regexp_id=1512
1317,https://regexlib.com/REDetails.aspx?regexp_id=1515
1319,https://regexlib.com/REDetails.aspx?regexp_id=1517
1320,https://regexlib.com/REDetails.aspx?regexp_id=1518
1326,https://regexlib.com/REDetails.aspx?regexp_id=1524
1332,https://regexlib.com/REDetails.aspx?regexp_id=1530
1333,https://regexlib.com/REDetails.aspx?regexp_id=1531
1334,https://regexlib.com/REDetails.aspx?regexp_id=1534
1341,https://regexlib.com/REDetails.aspx?regexp_id=1541
1349,https://regexlib.com/REDetails.aspx?regexp_id=1549
1350,https://regexlib.com/REDetails.aspx?regexp_id=1550
1351,https://regexlib.com/REDetails.aspx?regexp_id=1551
1356,https://regexlib.com/REDetails.aspx?regexp_id=1556
1357,https://regexlib.com/REDetails.aspx?regexp_id=1557
1358,https://regexlib.com/REDetails.aspx?regexp_id=1559
1360,https://regexlib.com/REDetails.aspx?regexp_id=1561
1362,https://regexlib.com/REDetails.aspx?regexp_id=1563
1366,https://regexlib.com/REDetails.aspx?regexp_id=1567
1372,https://regexlib.com/REDetails.aspx?regexp_id=1574
1378,https://regexlib.com/REDetails.aspx?regexp_id=1583
1380,https://regexlib.com/REDetails.aspx?regexp_id=1586
1381,https://regexlib.com/REDetails.aspx?regexp_id=1587
1385,https://regexlib.com/REDetails.aspx?regexp_id=1592
1388,https://regexlib.com/REDetails.aspx?regexp_id=1595
1389,https://regexlib.com/REDetails.aspx?regexp_id=1597
1394,https://regexlib.com/REDetails.aspx?regexp_id=1603
1395,https://regexlib.com/REDetails.aspx?regexp_id=1604
1402,https://regexlib.com/REDetails.aspx?regexp_id=1611
1404,https://regexlib.com/REDetails.aspx?regexp_id=1613
1406,https://regexlib.com/REDetails.aspx?regexp_id=1615
1408,https://regexlib.com/REDetails.aspx?regexp_id=1617
1410,https://regexlib.com/REDetails.aspx?regexp_id=1620
1411,https://regexlib.com/REDetails.aspx?regexp_id=1621
1412,https://regexlib.com/REDetails.aspx?regexp_id=1622
1413,https://regexlib.com/REDetails.aspx?regexp_id=1623
1414,https://regexlib.com/REDetails.aspx?regexp_id=1625
1425,https://regexlib.com/REDetails.aspx?regexp_id=1637
1426,https://regexlib.com/REDetails.aspx?regexp_id=1638
1428,https://regexlib.com/REDetails.aspx?regexp_id=1640
1430,https://regexlib.com/REDetails.aspx?regexp_id=1644
1431,https://regexlib.com/REDetails.aspx?regexp_id=1645
1433,https://regexlib.com/REDetails.aspx?regexp_id=1647
1434,https://regexlib.com/REDetails.aspx?regexp_id=1649
1436,https://regexlib.com/REDetails.aspx?regexp_id=1651
1439,https://regexlib.com/REDetails.aspx?regexp_id=1654
1446,https://regexlib.com/REDetails.aspx?regexp_id=1662
1449,https://regexlib.com/REDetails.aspx?regexp_id=1667
1457,https://regexlib.com/REDetails.aspx?regexp_id=1690
1458,https://regexlib.com/REDetails.aspx?regexp_id=1691
1461,https://regexlib.com/REDetails.aspx?regexp_id=1699
1466,https://regexlib.com/REDetails.aspx?regexp_id=1704
1467,https://regexlib.com/REDetails.aspx?regexp_id=1706
1468,https://regexlib.com/REDetails.aspx?regexp_id=1707
1469,https://regexlib.com/REDetails.aspx?regexp_id=1709
1473,https://regexlib.com/REDetails.aspx?regexp_id=1713
1474,https://regexlib.com/REDetails.aspx?regexp_id=1714
1476,https://regexlib.com/REDetails.aspx?regexp_id=1717
1479,https://regexlib.com/REDetails.aspx?regexp_id=1721
1483,https://regexlib.com/REDetails.aspx?regexp_id=1728
1484,https://regexlib.com/REDetails.aspx?regexp_id=1729
1485,https://regexlib.com/REDetails.aspx?regexp_id=1730
1486,https://regexlib.com/REDetails.aspx?regexp_id=1731
1489,https://regexlib.com/REDetails.aspx?regexp_id=1734
1490,https://regexlib.com/REDetails.aspx?regexp_id=1735
1492,https://regexlib.com/REDetails.aspx?regexp_id=1737
1493,https://regexlib.com/REDetails.aspx?regexp_id=1738
1494,https://regexlib.com/REDetails.aspx?regexp_id=1740
1495,https://regexlib.com/REDetails.aspx?regexp_id=1741
1496,https://regexlib.com/REDetails.aspx?regexp_id=1742
1502,https://regexlib.com/REDetails.aspx?regexp_id=1748
1503,https://regexlib.com/REDetails.aspx?regexp_id=1749
1504,https://regexlib.com/REDetails.aspx?regexp_id=1750
1512,https://regexlib.com/REDetails.aspx?regexp_id=1758
1515,https://regexlib.com/REDetails.aspx?regexp_id=1762
1520,https://regexlib.com/REDetails.aspx?regexp_id=1768
1522,https://regexlib.com/REDetails.aspx?regexp_id=1770
1523,https://regexlib.com/REDetails.aspx?regexp_id=1771
1524,https://regexlib.com/REDetails.aspx?regexp_id=1772
1530,https://regexlib.com/REDetails.aspx?regexp_id=1780
1536,https://regexlib.com/REDetails.aspx?regexp_id=1786
1537,https://regexlib.com/REDetails.aspx?regexp_id=1787
1538,https://regexlib.com/REDetails.aspx?regexp_id=1788
1539,https://regexlib.com/REDetails.aspx?regexp_id=1789
1540,https://regexlib.com/REDetails.aspx?regexp_id=1790
1542,https://regexlib.com/REDetails.aspx?regexp_id=1794
1549,https://regexlib.com/REDetails.aspx?regexp_id=1801
1553,https://regexlib.com/REDetails.aspx?regexp_id=1805
1566,https://regexlib.com/REDetails.aspx?regexp_id=1820
1567,https://regexlib.com/REDetails.aspx?regexp_id=1821
1570,https://regexlib.com/REDetails.aspx?regexp_id=1824
1579,https://regexlib.com/REDetails.aspx?regexp_id=1833
1582,https://regexlib.com/REDetails.aspx?regexp_id=1836
1585,https://regexlib.com/REDetails.aspx?regexp_id=1839
1586,https://regexlib.com/REDetails.aspx?regexp_id=1840
1587,https://regexlib.com/REDetails.aspx?regexp_id=1844
1588,https://regexlib.com/REDetails.aspx?regexp_id=1845
1589,https://regexlib.com/REDetails.aspx?regexp_id=1846
1592,https://regexlib.com/REDetails.aspx?regexp_id=1849
1593,https://regexlib.com/REDetails.aspx?regexp_id=1850
1594,https://regexlib.com/REDetails.aspx?regexp_id=1851
1597,https://regexlib.com/REDetails.aspx?regexp_id=1854
1599,https://regexlib.com/REDetails.aspx?regexp_id=1856
1601,https://regexlib.com/REDetails.aspx?regexp_id=1859
1606,https://regexlib.com/REDetails.aspx?regexp_id=1865
1611,https://regexlib.com/REDetails.aspx?regexp_id=1871
1618,https://regexlib.com/REDetails.aspx?regexp_id=1879
1621,https://regexlib.com/REDetails.aspx?regexp_id=1882
1625,https://regexlib.com/REDetails.aspx?regexp_id=1887
1632,https://regexlib.com/REDetails.aspx?regexp_id=1896
1633,https://regexlib.com/REDetails.aspx?regexp_id=1897
1636,https://regexlib.com/REDetails.aspx?regexp_id=1900
1638,https://regexlib.com/REDetails.aspx?regexp_id=1902
1642,https://regexlib.com/REDetails.aspx?regexp_id=1907
1643,https://regexlib.com/REDetails.aspx?regexp_id=1908
1644,https://regexlib.com/REDetails.aspx?regexp_id=1909
1653,https://regexlib.com/REDetails.aspx?regexp_id=1919
1654,https://regexlib.com/REDetails.aspx?regexp_id=1920
1656,https://regexlib.com/REDetails.aspx?regexp_id=1922
1657,https://regexlib.com/REDetails.aspx?regexp_id=1923
1658,https://regexlib.com/REDetails.aspx?regexp_id=1925
1660,https://regexlib.com/REDetails.aspx?regexp_id=1927
1662,https://regexlib.com/REDetails.aspx?regexp_id=1930
1663,https://regexlib.com/REDetails.aspx?regexp_id=1933
1664,https://regexlib.com/REDetails.aspx?regexp_id=1934
1665,https://regexlib.com/REDetails.aspx?regexp_id=1936
1668,https://regexlib.com/REDetails.aspx?regexp_id=1939
1683,https://regexlib.com/REDetails.aspx?regexp_id=1956
1690,https://regexlib.com/REDetails.aspx?regexp_id=1963
1693,https://regexlib.com/REDetails.aspx?regexp_id=1966
1696,https://regexlib.com/REDetails.aspx?regexp_id=1970
1697,https://regexlib.com/REDetails.aspx?regexp_id=1971
1698,https://regexlib.com/REDetails.aspx?regexp_id=1972
1704,https://regexlib.com/REDetails.aspx?regexp_id=1979
1706,https://regexlib.com/REDetails.aspx?regexp_id=1981
1709,https://regexlib.com/REDetails.aspx?regexp_id=1984
1715,https://regexlib.com/REDetails.aspx?regexp_id=1990
1716,https://regexlib.com/REDetails.aspx?regexp_id=1991
1723,https://regexlib.com/REDetails.aspx?regexp_id=1998
1726,https://regexlib.com/REDetails.aspx?regexp_id=2001
1730,https://regexlib.com/REDetails.aspx?regexp_id=2006
1736,https://regexlib.com/REDetails.aspx?regexp_id=2015
1739,https://regexlib.com/REDetails.aspx?regexp_id=2018
1740,https://regexlib.com/REDetails.aspx?regexp_id=2019
1742,https://regexlib.com/REDetails.aspx?regexp_id=2021
1744,https://regexlib.com/REDetails.aspx?regexp_id=2023
1751,https://regexlib.com/REDetails.aspx?regexp_id=2031
1756,https://regexlib.com/REDetails.aspx?regexp_id=2036
1762,https://regexlib.com/REDetails.aspx?regexp_id=2044
1763,https://regexlib.com/REDetails.aspx?regexp_id=2045
1776,https://regexlib.com/REDetails.aspx?regexp_id=2059
1777,https://regexlib.com/REDetails.aspx?regexp_id=2060
1778,https://regexlib.com/REDetails.aspx?regexp_id=2061
1780,https://regexlib.com/REDetails.aspx?regexp_id=2063
1785,https://regexlib.com/REDetails.aspx?regexp_id=2068
1786,https://regexlib.com/REDetails.aspx?regexp_id=2069
1787,https://regexlib.com/REDetails.aspx?regexp_id=2070
1793,https://regexlib.com/REDetails.aspx?regexp_id=2081
1795,https://regexlib.com/REDetails.aspx?regexp_id=2084
1799,https://regexlib.com/REDetails.aspx?regexp_id=2089
1800,https://regexlib.com/REDetails.aspx?regexp_id=2090
1801,https://regexlib.com/REDetails.aspx?regexp_id=2091
1803,https://regexlib.com/REDetails.aspx?regexp_id=2093
1804,https://regexlib.com/REDetails.aspx?regexp_id=2094
1808,https://regexlib.com/REDetails.aspx?regexp_id=2098
1810,https://regexlib.com/REDetails.aspx?regexp_id=2100
1811,https://regexlib.com/REDetails.aspx?regexp_id=2101
1813,https://regexlib.com/REDetails.aspx?regexp_id=2103
1814,https://regexlib.com/REDetails.aspx?regexp_id=2104
1815,https://regexlib.com/REDetails.aspx?regexp_id=2105
1816,https://regexlib.com/REDetails.aspx?regexp_id=2106
1819,https://regexlib.com/REDetails.aspx?regexp_id=2109
1820,https://regexlib.com/REDetails.aspx?regexp_id=2110
1827,https://regexlib.com/REDetails.aspx?regexp_id=2117
1829,https://regexlib.com/REDetails.aspx?regexp_id=2119
1830,https://regexlib.com/REDetails.aspx?regexp_id=2121
1832,https://regexlib.com/REDetails.aspx?regexp_id=2123
1833,https://regexlib.com/REDetails.aspx?regexp_id=2124
1834,https://regexlib.com/REDetails.aspx?regexp_id=2125
1835,https://regexlib.com/REDetails.aspx?regexp_id=2126
1842,https://regexlib.com/REDetails.aspx?regexp_id=2133
1846,https://regexlib.com/REDetails.aspx?regexp_id=2137
1848,https://regexlib.com/REDetails.aspx?regexp_id=2139
1850,https://regexlib.com/REDetails.aspx?regexp_id=2141
1851,https://regexlib.com/REDetails.aspx?regexp_id=2142
1852,https://regexlib.com/REDetails.aspx?regexp_id=2143
1855,https://regexlib.com/REDetails.aspx?regexp_id=2146
1856,https://regexlib.com/REDetails.aspx?regexp_id=2147
1857,https://regexlib.com/REDetails.aspx?regexp_id=2148
1863,https://regexlib.com/REDetails.aspx?regexp_id=2157
1866,https://regexlib.com/REDetails.aspx?regexp_id=2161
1867,https://regexlib.com/REDetails.aspx?regexp_id=2164
1872,https://regexlib.com/REDetails.aspx?regexp_id=2169
1873,https://regexlib.com/REDetails.aspx?regexp_id=2170
1877,https://regexlib.com/REDetails.aspx?regexp_id=2174
1881,https://regexlib.com/REDetails.aspx?regexp_id=2178
1884,https://regexlib.com/REDetails.aspx?regexp_id=2181
1886,https://regexlib.com/REDetails.aspx?regexp_id=2183
1894,https://regexlib.com/REDetails.aspx?regexp_id=2191
1896,https://regexlib.com/REDetails.aspx?regexp_id=2193
1897,https://regexlib.com/REDetails.aspx?regexp_id=2194
1898,https://regexlib.com/REDetails.aspx?regexp_id=2195
1899,https://regexlib.com/REDetails.aspx?regexp_id=2196
1900,https://regexlib.com/REDetails.aspx?regexp_id=2197
1901,https://regexlib.com/REDetails.aspx?regexp_id=2198
1902,https://regexlib.com/REDetails.aspx?regexp_id=2199
1903,https://regexlib.com/REDetails.aspx?regexp_id=2200
1906,https://regexlib.com/REDetails.aspx?regexp_id=2203
1909,https://regexlib.com/REDetails.aspx?regexp_id=2206
1912,https://regexlib.com/REDetails.aspx?regexp_id=2211
1913,https://regexlib.com/REDetails.aspx?regexp_id=2212
1914,https://regexlib.com/REDetails.aspx?regexp_id=2213
1915,https://regexlib.com/REDetails.aspx?regexp_id=2214
1916,https://regexlib.com/REDetails.aspx?regexp_id=2217
1921,https://regexlib.com/REDetails.aspx?regexp_id=2222
1924,https://regexlib.com/REDetails.aspx?regexp_id=2225
1925,https://regexlib.com/REDetails.aspx?regexp_id=2226
1927,https://regexlib.com/REDetails.aspx?regexp_id=2228
1931,https://regexlib.com/REDetails.aspx?regexp_id=2232
1933,https://regexlib.com/REDetails.aspx?regexp_id=2234
1941,https://regexlib.com/REDetails.aspx?regexp_id=2243
1943,https://regexlib.com/REDetails.aspx?regexp_id=2245
1944,https://regexlib.com/REDetails.aspx?regexp_id=2247
1950,https://regexlib.com/REDetails.aspx?regexp_id=2265
1952,https://regexlib.com/REDetails.aspx?regexp_id=2267
1953,https://regexlib.com/REDetails.aspx?regexp_id=2268
1954,https://regexlib.com/REDetails.aspx?regexp_id=2269
1956,https://regexlib.com/REDetails.aspx?regexp_id=2271
1958,https://regexlib.com/REDetails.aspx?regexp_id=2276
1960,https://regexlib.com/REDetails.aspx?regexp_id=2278
1962,https://regexlib.com/REDetails.aspx?regexp_id=2280
1964,https://regexlib.com/REDetails.aspx?regexp_id=2283
1970,https://regexlib.com/REDetails.aspx?regexp_id=2289
1971,https://regexlib.com/REDetails.aspx?regexp_id=2290
1972,https://regexlib.com/REDetails.aspx?regexp_id=2291
1973,https://regexlib.com/REDetails.aspx?regexp_id=2292
1974,https://regexlib.com/REDetails.aspx?regexp_id=2293
1977,https://regexlib.com/REDetails.aspx?regexp_id=2296
1978,https://regexlib.com/REDetails.aspx?regexp_id=2297
1979,https://regexlib.com/REDetails.aspx?regexp_id=2298
1984,https://regexlib.com/REDetails.aspx?regexp_id=2303
1986,https://regexlib.com/REDetails.aspx?regexp_id=2305
1991,https://regexlib.com/REDetails.aspx?regexp_id=2310
2008,https://regexlib.com/REDetails.aspx?regexp_id=2332
2010,https://regexlib.com/REDetails.aspx?regexp_id=2334
2011,https://regexlib.com/REDetails.aspx?regexp_id=2335
2013,https://regexlib.com/REDetails.aspx?regexp_id=2338
2014,https://regexlib.com/REDetails.aspx?regexp_id=2339
2023,https://regexlib.com/REDetails.aspx?regexp_id=2352
2025,https://regexlib.com/REDetails.aspx?regexp_id=2354
2028,https://regexlib.com/REDetails.aspx?regexp_id=2358
2031,https://regexlib.com/REDetails.aspx?regexp_id=2361
2035,https://regexlib.com/REDetails.aspx?regexp_id=2367
2037,https://regexlib.com/REDetails.aspx?regexp_id=2369
2040,https://regexlib.com/REDetails.aspx?regexp_id=2372
2041,https://regexlib.com/REDetails.aspx?regexp_id=2373
2049,https://regexlib.com/REDetails.aspx?regexp_id=2382
2050,https://regexlib.com/REDetails.aspx?regexp_id=2383
2051,https://regexlib.com/REDetails.aspx?regexp_id=2384
2057,https://regexlib.com/REDetails.aspx?regexp_id=2393
2065,https://regexlib.com/REDetails.aspx?regexp_id=2403
2069,https://regexlib.com/REDetails.aspx?regexp_id=2409
2072,https://regexlib.com/REDetails.aspx?regexp_id=2413
2080,https://regexlib.com/REDetails.aspx?regexp_id=2421
2083,https://regexlib.com/REDetails.aspx?regexp_id=2426
2086,https://regexlib.com/REDetails.aspx?regexp_id=2429
2087,https://regexlib.com/REDetails.aspx?regexp_id=2430
2089,https://regexlib.com/REDetails.aspx?regexp_id=2432
2090,https://regexlib.com/REDetails.aspx?regexp_id=2433
2091,https://regexlib.com/REDetails.aspx?regexp_id=2435
2094,https://regexlib.com/REDetails.aspx?regexp_id=2438
2095,https://regexlib.com/REDetails.aspx?regexp_id=2439
2101,https://regexlib.com/REDetails.aspx?regexp_id=2448
2103,https://regexlib.com/REDetails.aspx?regexp_id=2450
2113,https://regexlib.com/REDetails.aspx?regexp_id=2462
2114,https://regexlib.com/REDetails.aspx?regexp_id=2463
2115,https://regexlib.com/REDetails.aspx?regexp_id=2464
2116,https://regexlib.com/REDetails.aspx?regexp_id=2466
2117,https://regexlib.com/REDetails.aspx?regexp_id=2467
2118,https://regexlib.com/REDetails.aspx?regexp_id=2468
2123,https://regexlib.com/REDetails.aspx?regexp_id=2473
2128,https://regexlib.com/REDetails.aspx?regexp_id=2478
2130,https://regexlib.com/REDetails.aspx?regexp_id=2482
2132,https://regexlib.com/REDetails.aspx?regexp_id=2484
2133,https://regexlib.com/REDetails.aspx?regexp_id=2485
2136,https://regexlib.com/REDetails.aspx?regexp_id=2488
2137,https://regexlib.com/REDetails.aspx?regexp_id=2489
2138,https://regexlib.com/REDetails.aspx?regexp_id=2490
2139,https://regexlib.com/REDetails.aspx?regexp_id=2491
2140,https://regexlib.com/REDetails.aspx?regexp_id=2492
2143,https://regexlib.com/REDetails.aspx?regexp_id=2495
2145,https://regexlib.com/REDetails.aspx?regexp_id=2497
2148,https://regexlib.com/REDetails.aspx?regexp_id=2500
2149,https://regexlib.com/REDetails.aspx?regexp_id=2501
2152,https://regexlib.com/REDetails.aspx?regexp_id=2504
2153,https://regexlib.com/REDetails.aspx?regexp_id=2505
2154,https://regexlib.com/REDetails.aspx?regexp_id=2506
2155,https://regexlib.com/REDetails.aspx?regexp_id=2507
2157,https://regexlib.com/REDetails.aspx?regexp_id=2510
2160,https://regexlib.com/REDetails.aspx?regexp_id=2513
2161,https://regexlib.com/REDetails.aspx?regexp_id=2514
2168,https://regexlib.com/REDetails.aspx?regexp_id=2524
2169,https://regexlib.com/REDetails.aspx?regexp_id=2525
2187,https://regexlib.com/REDetails.aspx?regexp_id=2545
2188,https://regexlib.com/REDetails.aspx?regexp_id=2546
2190,https://regexlib.com/REDetails.aspx?regexp_id=2548
2191,https://regexlib.com/REDetails.aspx?regexp_id=2549
2192,https://regexlib.com/REDetails.aspx?regexp_id=2550
2193,https://regexlib.com/REDetails.aspx?regexp_id=2551
2201,https://regexlib.com/REDetails.aspx?regexp_id=2559
2203,https://regexlib.com/REDetails.aspx?regexp_id=2561
2206,https://regexlib.com/REDetails.aspx?regexp_id=2564
2213,https://regexlib.com/REDetails.aspx?regexp_id=2571
2215,https://regexlib.com/REDetails.aspx?regexp_id=2573
2218,https://regexlib.com/REDetails.aspx?regexp_id=2576
2222,https://regexlib.com/REDetails.aspx?regexp_id=2580
2223,https://regexlib.com/REDetails.aspx?regexp_id=2581
2224,https://regexlib.com/REDetails.aspx?regexp_id=2582
2226,https://regexlib.com/REDetails.aspx?regexp_id=2584
2241,https://regexlib.com/REDetails.aspx?regexp_id=2599
2246,https://regexlib.com/REDetails.aspx?regexp_id=2604
2247,https://regexlib.com/REDetails.aspx?regexp_id=2605
2250,https://regexlib.com/REDetails.aspx?regexp_id=2609
2259,https://regexlib.com/REDetails.aspx?regexp_id=2620
2262,https://regexlib.com/REDetails.aspx?regexp_id=2623
2263,https://regexlib.com/REDetails.aspx?regexp_id=2624
2264,https://regexlib.com/REDetails.aspx?regexp_id=2625
2265,https://regexlib.com/REDetails.aspx?regexp_id=2626
2266,https://regexlib.com/REDetails.aspx?regexp_id=2627
2267,https://regexlib.com/REDetails.aspx?regexp_id=2628
2273,https://regexlib.com/REDetails.aspx?regexp_id=2635
2277,https://regexlib.com/REDetails.aspx?regexp_id=2639
2278,https://regexlib.com/REDetails.aspx?regexp_id=2641
2279,https://regexlib.com/REDetails.aspx?regexp_id=2642
2281,https://regexlib.com/REDetails.aspx?regexp_id=2644
2282,https://regexlib.com/REDetails.aspx?regexp_id=2645
2284,https://regexlib.com/REDetails.aspx?regexp_id=2647
2293,https://regexlib.com/REDetails.aspx?regexp_id=2656
2294,https://regexlib.com/REDetails.aspx?regexp_id=2657
2295,https://regexlib.com/REDetails.aspx?regexp_id=2658
2296,https://regexlib.com/REDetails.aspx?regexp_id=2659
2297,https://regexlib.com/REDetails.aspx?regexp_id=2660
2298,https://regexlib.com/REDetails.aspx?regexp_id=2661
2301,https://regexlib.com/REDetails.aspx?regexp_id=2664
2303,https://regexlib.com/REDetails.aspx?regexp_id=2667
2304,https://regexlib.com/REDetails.aspx?regexp_id=2669
2306,https://regexlib.com/REDetails.aspx?regexp_id=2672
2307,https://regexlib.com/REDetails.aspx?regexp_id=2674
2316,https://regexlib.com/REDetails.aspx?regexp_id=2683
2317,https://regexlib.com/REDetails.aspx?regexp_id=2684
2318,https://regexlib.com/REDetails.aspx?regexp_id=2685
2320,https://regexlib.com/REDetails.aspx?regexp_id=2687
2322,https://regexlib.com/REDetails.aspx?regexp_id=2689
2333,https://regexlib.com/REDetails.aspx?regexp_id=2700
2334,https://regexlib.com/REDetails.aspx?regexp_id=2701
2335,https://regexlib.com/REDetails.aspx?regexp_id=2702
2339,https://regexlib.com/REDetails.aspx?regexp_id=2706
2340,https://regexlib.com/REDetails.aspx?regexp_id=2707
2341,https://regexlib.com/REDetails.aspx?regexp_id=2708
2342,https://regexlib.com/REDetails.aspx?regexp_id=2709
2345,https://regexlib.com/REDetails.aspx?regexp_id=2712
2348,https://regexlib.com/REDetails.aspx?regexp_id=2715
2352,https://regexlib.com/REDetails.aspx?regexp_id=2719
2353,https://regexlib.com/REDetails.aspx?regexp_id=2720
2355,https://regexlib.com/REDetails.aspx?regexp_id=2724
2360,https://regexlib.com/REDetails.aspx?regexp_id=2730
2370,https://regexlib.com/REDetails.aspx?regexp_id=2743
2373,https://regexlib.com/REDetails.aspx?regexp_id=2746
2376,https://regexlib.com/REDetails.aspx?regexp_id=2749
2377,https://regexlib.com/REDetails.aspx?regexp_id=2750
2379,https://regexlib.com/REDetails.aspx?regexp_id=2752
2383,https://regexlib.com/REDetails.aspx?regexp_id=2756
2384,https://regexlib.com/REDetails.aspx?regexp_id=2757
2387,https://regexlib.com/REDetails.aspx?regexp_id=2765
2389,https://regexlib.com/REDetails.aspx?regexp_id=2767
2393,https://regexlib.com/REDetails.aspx?regexp_id=2771
2397,https://regexlib.com/REDetails.aspx?regexp_id=2775
2398,https://regexlib.com/REDetails.aspx?regexp_id=2776
2399,https://regexlib.com/REDetails.aspx?regexp_id=2777
2400,https://regexlib.com/REDetails.aspx?regexp_id=2778
2401,https://regexlib.com/REDetails.aspx?regexp_id=2779
2403,https://regexlib.com/REDetails.aspx?regexp_id=2781
2405,https://regexlib.com/REDetails.aspx?regexp_id=2783
2406,https://regexlib.com/REDetails.aspx?regexp_id=2784
2409,https://regexlib.com/REDetails.aspx?regexp_id=2787
2410,https://regexlib.com/REDetails.aspx?regexp_id=2788
2413,https://regexlib.com/REDetails.aspx?regexp_id=2791
2420,https://regexlib.com/REDetails.aspx?regexp_id=2798
2421,https://regexlib.com/REDetails.aspx?regexp_id=2799
2422,https://regexlib.com/REDetails.aspx?regexp_id=2801
2425,https://regexlib.com/REDetails.aspx?regexp_id=2804
2426,https://regexlib.com/REDetails.aspx?regexp_id=2805
2427,https://regexlib.com/REDetails.aspx?regexp_id=2806
2430,https://regexlib.com/REDetails.aspx?regexp_id=2809
2431,https://regexlib.com/REDetails.aspx?regexp_id=2810
2439,https://regexlib.com/REDetails.aspx?regexp_id=2821
2440,https://regexlib.com/REDetails.aspx?regexp_id=2822
2441,https://regexlib.com/REDetails.aspx?regexp_id=2824
2443,https://regexlib.com/REDetails.aspx?regexp_id=2828
2444,https://regexlib.com/REDetails.aspx?regexp_id=2829
2445,https://regexlib.com/REDetails.aspx?regexp_id=2830
2446,https://regexlib.com/REDetails.aspx?regexp_id=2831
2447,https://regexlib.com/REDetails.aspx?regexp_id=2832
2449,https://regexlib.com/REDetails.aspx?regexp_id=2834
2451,https://regexlib.com/REDetails.aspx?regexp_id=2836
2454,https://regexlib.com/REDetails.aspx?regexp_id=2841
2459,https://regexlib.com/REDetails.aspx?regexp_id=2846
2461,https://regexlib.com/REDetails.aspx?regexp_id=2849
2463,https://regexlib.com/REDetails.aspx?regexp_id=2851
2466,https://regexlib.com/REDetails.aspx?regexp_id=2854
2467,https://regexlib.com/REDetails.aspx?regexp_id=2855
2470,https://regexlib.com/REDetails.aspx?regexp_id=2858
2476,https://regexlib.com/REDetails.aspx?regexp_id=2864
2480,https://regexlib.com/REDetails.aspx?regexp_id=2868
2482,https://regexlib.com/REDetails.aspx?regexp_id=2870
2485,https://regexlib.com/REDetails.aspx?regexp_id=2873
2486,https://regexlib.com/REDetails.aspx?regexp_id=2874
2487,https://regexlib.com/REDetails.aspx?regexp_id=2875
2488,https://regexlib.com/REDetails.aspx?regexp_id=2876
2492,https://regexlib.com/REDetails.aspx?regexp_id=2880
2494,https://regexlib.com/REDetails.aspx?regexp_id=2882
2497,https://regexlib.com/REDetails.aspx?regexp_id=2885
2500,https://regexlib.com/REDetails.aspx?regexp_id=2888
2502,https://regexlib.com/REDetails.aspx?regexp_id=2890
2507,https://regexlib.com/REDetails.aspx?regexp_id=2895
2512,https://regexlib.com/REDetails.aspx?regexp_id=2900
2519,https://regexlib.com/REDetails.aspx?regexp_id=2910
2531,https://regexlib.com/REDetails.aspx?regexp_id=2923
2532,https://regexlib.com/REDetails.aspx?regexp_id=2924
2536,https://regexlib.com/REDetails.aspx?regexp_id=2928
2539,https://regexlib.com/REDetails.aspx?regexp_id=2931
2542,https://regexlib.com/REDetails.aspx?regexp_id=2935
2543,https://regexlib.com/REDetails.aspx?regexp_id=2936
2547,https://regexlib.com/REDetails.aspx?regexp_id=2942
2548,https://regexlib.com/REDetails.aspx?regexp_id=2943
2549,https://regexlib.com/REDetails.aspx?regexp_id=2944
2550,https://regexlib.com/REDetails.aspx?regexp_id=2945
2553,https://regexlib.com/REDetails.aspx?regexp_id=2948
2555,https://regexlib.com/REDetails.aspx?regexp_id=2950
2566,https://regexlib.com/REDetails.aspx?regexp_id=2971
2567,https://regexlib.com/REDetails.aspx?regexp_id=2972
2568,https://regexlib.com/REDetails.aspx?regexp_id=2973
2570,https://regexlib.com/REDetails.aspx?regexp_id=2976
2572,https://regexlib.com/REDetails.aspx?regexp_id=2978
2573,https://regexlib.com/REDetails.aspx?regexp_id=2979
2574,https://regexlib.com/REDetails.aspx?regexp_id=2980
2577,https://regexlib.com/REDetails.aspx?regexp_id=2983
2580,https://regexlib.com/REDetails.aspx?regexp_id=2986
2581,https://regexlib.com/REDetails.aspx?regexp_id=2987
2586,https://regexlib.com/REDetails.aspx?regexp_id=2992
2588,https://regexlib.com/REDetails.aspx?regexp_id=2994
2591,https://regexlib.com/REDetails.aspx?regexp_id=2998
2593,https://regexlib.com/REDetails.aspx?regexp_id=3000
2596,https://regexlib.com/REDetails.aspx?regexp_id=3003
2598,https://regexlib.com/REDetails.aspx?regexp_id=3006
2602,https://regexlib.com/REDetails.aspx?regexp_id=3010
2603,https://regexlib.com/REDetails.aspx?regexp_id=3011
2606,https://regexlib.com/REDetails.aspx?regexp_id=3014
2618,https://regexlib.com/REDetails.aspx?regexp_id=3028
2620,https://regexlib.com/REDetails.aspx?regexp_id=3030
2626,https://regexlib.com/REDetails.aspx?regexp_id=3036
2631,https://regexlib.com/REDetails.aspx?regexp_id=3042
2634,https://regexlib.com/REDetails.aspx?regexp_id=3045
2635,https://regexlib.com/REDetails.aspx?regexp_id=3046
2643,https://regexlib.com/REDetails.aspx?regexp_id=3055
2648,https://regexlib.com/REDetails.aspx?regexp_id=3061
2649,https://regexlib.com/REDetails.aspx?regexp_id=3062
2654,https://regexlib.com/REDetails.aspx?regexp_id=3067
2655,https://regexlib.com/REDetails.aspx?regexp_id=3068
2662,https://regexlib.com/REDetails.aspx?regexp_id=3077
2663,https://regexlib.com/REDetails.aspx?regexp_id=3078
2664,https://regexlib.com/REDetails.aspx?regexp_id=3080
2665,https://regexlib.com/REDetails.aspx?regexp_id=3082
2666,https://regexlib.com/REDetails.aspx?regexp_id=3083
2667,https://regexlib.com/REDetails.aspx?regexp_id=3084
2671,https://regexlib.com/REDetails.aspx?regexp_id=3089
2674,https://regexlib.com/REDetails.aspx?regexp_id=3093
2677,https://regexlib.com/REDetails.aspx?regexp_id=3096
2679,https://regexlib.com/REDetails.aspx?regexp_id=3098
2682,https://regexlib.com/REDetails.aspx?regexp_id=3101
2683,https://regexlib.com/REDetails.aspx?regexp_id=3102
2684,https://regexlib.com/REDetails.aspx?regexp_id=3103
2687,https://regexlib.com/REDetails.aspx?regexp_id=3108
2694,https://regexlib.com/REDetails.aspx?regexp_id=3115
2696,https://regexlib.com/REDetails.aspx?regexp_id=3117
2699,https://regexlib.com/REDetails.aspx?regexp_id=3120
2700,https://regexlib.com/REDetails.aspx?regexp_id=3121
2701,https://regexlib.com/REDetails.aspx?regexp_id=3122
2703,https://regexlib.com/REDetails.aspx?regexp_id=3124
2707,https://regexlib.com/REDetails.aspx?regexp_id=3128
2708,https://regexlib.com/REDetails.aspx?regexp_id=3129
2710,https://regexlib.com/REDetails.aspx?regexp_id=3131
2714,https://regexlib.com/REDetails.aspx?regexp_id=3135
2715,https://regexlib.com/REDetails.aspx?regexp_id=3136
2725,https://regexlib.com/REDetails.aspx?regexp_id=3148
2727,https://regexlib.com/REDetails.aspx?regexp_id=3150
2735,https://regexlib.com/REDetails.aspx?regexp_id=3162
2740,https://regexlib.com/REDetails.aspx?regexp_id=3167
2742,https://regexlib.com/REDetails.aspx?regexp_id=3169
2743,https://regexlib.com/REDetails.aspx?regexp_id=3170
2750,https://regexlib.com/REDetails.aspx?regexp_id=3177
2753,https://regexlib.com/REDetails.aspx?regexp_id=3180
2754,https://regexlib.com/REDetails.aspx?regexp_id=3181
2755,https://regexlib.com/REDetails.aspx?regexp_id=3182
2756,https://regexlib.com/REDetails.aspx?regexp_id=3183
2757,https://regexlib.com/REDetails.aspx?regexp_id=3184
2761,https://regexlib.com/REDetails.aspx?regexp_id=3188
2762,https://regexlib.com/REDetails.aspx?regexp_id=3189
2763,https://regexlib.com/REDetails.aspx?regexp_id=3190
2764,https://regexlib.com/REDetails.aspx?regexp_id=3191
2768,https://regexlib.com/REDetails.aspx?regexp_id=3195
2780,https://regexlib.com/REDetails.aspx?regexp_id=3207
2781,https://regexlib.com/REDetails.aspx?regexp_id=3208
2788,https://regexlib.com/REDetails.aspx?regexp_id=3217
2790,https://regexlib.com/REDetails.aspx?regexp_id=3219
2797,https://regexlib.com/REDetails.aspx?regexp_id=3227
2799,https://regexlib.com/REDetails.aspx?regexp_id=3230
2803,https://regexlib.com/REDetails.aspx?regexp_id=3234
2809,https://regexlib.com/REDetails.aspx?regexp_id=3242
2812,https://regexlib.com/REDetails.aspx?regexp_id=3245
2814,https://regexlib.com/REDetails.aspx?regexp_id=3247
2816,https://regexlib.com/REDetails.aspx?regexp_id=3249
2818,https://regexlib.com/REDetails.aspx?regexp_id=3251
2822,https://regexlib.com/REDetails.aspx?regexp_id=3255
2827,https://regexlib.com/REDetails.aspx?regexp_id=3260
2832,https://regexlib.com/REDetails.aspx?regexp_id=3268
2833,https://regexlib.com/REDetails.aspx?regexp_id=3269
2835,https://regexlib.com/REDetails.aspx?regexp_id=3271
2836,https://regexlib.com/REDetails.aspx?regexp_id=3272
2841,https://regexlib.com/REDetails.aspx?regexp_id=3277
2844,https://regexlib.com/REDetails.aspx?regexp_id=3280
2850,https://regexlib.com/REDetails.aspx?regexp_id=3289
2852,https://regexlib.com/REDetails.aspx?regexp_id=3291
2853,https://regexlib.com/REDetails.aspx?regexp_id=3293
2854,https://regexlib.com/REDetails.aspx?regexp_id=3294
2861,https://regexlib.com/REDetails.aspx?regexp_id=3302
2868,https://regexlib.com/REDetails.aspx?regexp_id=3311
2869,https://regexlib.com/REDetails.aspx?regexp_id=3312
2877,https://regexlib.com/REDetails.aspx?regexp_id=3322
2879,https://regexlib.com/REDetails.aspx?regexp_id=3324
2882,https://regexlib.com/REDetails.aspx?regexp_id=3332
2883,https://regexlib.com/REDetails.aspx?regexp_id=3333
2884,https://regexlib.com/REDetails.aspx?regexp_id=3334
2890,https://regexlib.com/REDetails.aspx?regexp_id=3344
2896,https://regexlib.com/REDetails.aspx?regexp_id=3351
2898,https://regexlib.com/REDetails.aspx?regexp_id=3354
2903,https://regexlib.com/REDetails.aspx?regexp_id=3360
2906,https://regexlib.com/REDetails.aspx?regexp_id=3366
2913,https://regexlib.com/REDetails.aspx?regexp_id=3381
2919,https://regexlib.com/REDetails.aspx?regexp_id=3392
2931,https://regexlib.com/REDetails.aspx?regexp_id=3410
2932,https://regexlib.com/REDetails.aspx?regexp_id=3411
2933,https://regexlib.com/REDetails.aspx?regexp_id=3412
2937,https://regexlib.com/REDetails.aspx?regexp_id=3422
2944,https://regexlib.com/REDetails.aspx?regexp_id=3430
2950,https://regexlib.com/REDetails.aspx?regexp_id=3437
2951,https://regexlib.com/REDetails.aspx?regexp_id=3438
2952,https://regexlib.com/REDetails.aspx?regexp_id=3439
2970,https://regexlib.com/REDetails.aspx?regexp_id=3462
2972,https://regexlib.com/REDetails.aspx?regexp_id=3464
2973,https://regexlib.com/REDetails.aspx?regexp_id=3465
2980,https://regexlib.com/REDetails.aspx?regexp_id=3474
2984,https://regexlib.com/REDetails.aspx?regexp_id=3479
2988,https://regexlib.com/REDetails.aspx?regexp_id=3489
2989,https://regexlib.com/REDetails.aspx?regexp_id=3490
2992,https://regexlib.com/REDetails.aspx?regexp_id=3494
2994,https://regexlib.com/REDetails.aspx?regexp_id=3497
3001,https://regexlib.com/REDetails.aspx?regexp_id=3504
3003,https://regexlib.com/REDetails.aspx?regexp_id=3506
3004,https://regexlib.com/REDetails.aspx?regexp_id=3507
3005,https://regexlib.com/REDetails.aspx?regexp_id=3508
3011,https://regexlib.com/REDetails.aspx?regexp_id=3516
3012,https://regexlib.com/REDetails.aspx?regexp_id=3517
3014,https://regexlib.com/REDetails.aspx?regexp_id=3520
3018,https://regexlib.com/REDetails.aspx?regexp_id=3528
3019,https://regexlib.com/REDetails.aspx?regexp_id=3529
3021,https://regexlib.com/REDetails.aspx?regexp_id=3531
3022,https://regexlib.com/REDetails.aspx?regexp_id=3532
3023,https://regexlib.com/REDetails.aspx?regexp_id=3535
3030,https://regexlib.com/REDetails.aspx?regexp_id=3544
3033,https://regexlib.com/REDetails.aspx?regexp_id=3548
3037,https://regexlib.com/REDetails.aspx?regexp_id=3552
3038,https://regexlib.com/REDetails.aspx?regexp_id=3553
3040,https://regexlib.com/REDetails.aspx?regexp_id=3555
3041,https://regexlib.com/REDetails.aspx?regexp_id=3556
3043,https://regexlib.com/REDetails.aspx?regexp_id=3558
3047,https://regexlib.com/REDetails.aspx?regexp_id=3563
3049,https://regexlib.com/REDetails.aspx?regexp_id=3569
3058,https://regexlib.com/REDetails.aspx?regexp_id=3581
3059,https://regexlib.com/REDetails.aspx?regexp_id=3586
3064,https://regexlib.com/REDetails.aspx?regexp_id=3603
3065,https://regexlib.com/REDetails.aspx?regexp_id=3604
3066,https://regexlib.com/REDetails.aspx?regexp_id=3605
3071,https://regexlib.com/REDetails.aspx?regexp_id=3612
3074,https://regexlib.com/REDetails.aspx?regexp_id=3617
3075,https://regexlib.com/REDetails.aspx?regexp_id=3618
3083,https://regexlib.com/REDetails.aspx?regexp_id=3634
3097,https://regexlib.com/REDetails.aspx?regexp_id=3671
3100,https://regexlib.com/REDetails.aspx?regexp_id=3674
3105,https://regexlib.com/REDetails.aspx?regexp_id=3689
3110,https://regexlib.com/REDetails.aspx?regexp_id=3706
3111,https://regexlib.com/REDetails.aspx?regexp_id=3707
3112,https://regexlib.com/REDetails.aspx?regexp_id=3708
3115,https://regexlib.com/REDetails.aspx?regexp_id=3711
3123,https://regexlib.com/REDetails.aspx?regexp_id=3722
3125,https://regexlib.com/REDetails.aspx?regexp_id=3724
3127,https://regexlib.com/REDetails.aspx?regexp_id=3726
3144,https://regexlib.com/REDetails.aspx?regexp_id=3750
3145,https://regexlib.com/REDetails.aspx?regexp_id=3751
3148,https://regexlib.com/REDetails.aspx?regexp_id=3755
3149,https://regexlib.com/REDetails.aspx?regexp_id=3760
3156,https://regexlib.com/REDetails.aspx?regexp_id=3769
3159,https://regexlib.com/REDetails.aspx?regexp_id=3772
3160,https://regexlib.com/REDetails.aspx?regexp_id=3773
3161,https://regexlib.com/REDetails.aspx?regexp_id=3774
3162,https://regexlib.com/REDetails.aspx?regexp_id=3775
3163,https://regexlib.com/REDetails.aspx?regexp_id=3777
3166,https://regexlib.com/REDetails.aspx?regexp_id=3780
3169,https://regexlib.com/REDetails.aspx?regexp_id=3783
3170,https://regexlib.com/REDetails.aspx?regexp_id=3784
3171,https://regexlib.com/REDetails.aspx?regexp_id=3785
3175,https://regexlib.com/REDetails.aspx?regexp_id=3790
3177,https://regexlib.com/REDetails.aspx?regexp_id=3792
3179,https://regexlib.com/REDetails.aspx?regexp_id=3794
3180,https://regexlib.com/REDetails.aspx?regexp_id=3795
3197,https://regexlib.com/REDetails.aspx?regexp_id=3814
3199,https://regexlib.com/REDetails.aspx?regexp_id=3816
3200,https://regexlib.com/REDetails.aspx?regexp_id=3824
3201,https://regexlib.com/REDetails.aspx?regexp_id=3825
3207,https://regexlib.com/REDetails.aspx?regexp_id=3839
3209,https://regexlib.com/REDetails.aspx?regexp_id=3842
3211,https://regexlib.com/REDetails.aspx?regexp_id=3847
3214,https://regexlib.com/REDetails.aspx?regexp_id=3850
3215,https://regexlib.com/REDetails.aspx?regexp_id=3851
3216,https://regexlib.com/REDetails.aspx?regexp_id=3852
3219,https://regexlib.com/REDetails.aspx?regexp_id=3855
3228,https://regexlib.com/REDetails.aspx?regexp_id=3866
3232,https://regexlib.com/REDetails.aspx?regexp_id=3870
3234,https://regexlib.com/REDetails.aspx?regexp_id=3872
3237,https://regexlib.com/REDetails.aspx?regexp_id=3875
3239,https://regexlib.com/REDetails.aspx?regexp_id=3877
3248,https://regexlib.com/REDetails.aspx?regexp_id=3890
3249,https://regexlib.com/REDetails.aspx?regexp_id=3891
3253,https://regexlib.com/REDetails.aspx?regexp_id=3895
3254,https://regexlib.com/REDetails.aspx?regexp_id=3897
3259,https://regexlib.com/REDetails.aspx?regexp_id=3906
3264,https://regexlib.com/REDetails.aspx?regexp_id=3913
3266,https://regexlib.com/REDetails.aspx?regexp_id=3915
3270,https://regexlib.com/REDetails.aspx?regexp_id=3919
3275,https://regexlib.com/REDetails.aspx?regexp_id=3931
3277,https://regexlib.com/REDetails.aspx?regexp_id=3934
3278,https://regexlib.com/REDetails.aspx?regexp_id=3935
3280,https://regexlib.com/REDetails.aspx?regexp_id=3937
3283,https://regexlib.com/REDetails.aspx?regexp_id=3940
3293,https://regexlib.com/REDetails.aspx?regexp_id=3957
3295,https://regexlib.com/REDetails.aspx?regexp_id=3961
3296,https://regexlib.com/REDetails.aspx?regexp_id=3962
3300,https://regexlib.com/REDetails.aspx?regexp_id=3968
3302,https://regexlib.com/REDetails.aspx?regexp_id=4830
3303,https://regexlib.com/REDetails.aspx?regexp_id=4831
3306,https://regexlib.com/REDetails.aspx?regexp_id=4834
3307,https://regexlib.com/REDetails.aspx?regexp_id=4835
3312,https://regexlib.com/REDetails.aspx?regexp_id=4840
3315,https://regexlib.com/REDetails.aspx?regexp_id=4845
3317,https://regexlib.com/REDetails.aspx?regexp_id=4847
3322,https://regexlib.com/REDetails.aspx?regexp_id=4853
3323,https://regexlib.com/REDetails.aspx?regexp_id=4854
3324,https://regexlib.com/REDetails.aspx?regexp_id=4855
3325,https://regexlib.com/REDetails.aspx?regexp_id=4857
3326,https://regexlib.com/REDetails.aspx?regexp_id=4858
3328,https://regexlib.com/REDetails.aspx?regexp_id=4860
3336,https://regexlib.com/REDetails.aspx?regexp_id=4872
3346,https://regexlib.com/REDetails.aspx?regexp_id=4930
3347,https://regexlib.com/REDetails.aspx?regexp_id=4936
3348,https://regexlib.com/REDetails.aspx?regexp_id=4958
3349,https://regexlib.com/REDetails.aspx?regexp_id=4959
3351,https://regexlib.com/REDetails.aspx?regexp_id=4964
3352,https://regexlib.com/REDetails.aspx?regexp_id=4967
3355,https://regexlib.com/REDetails.aspx?regexp_id=4988
3356,https://regexlib.com/REDetails.aspx?regexp_id=4989
3357,https://regexlib.com/REDetails.aspx?regexp_id=4991
3358,https://regexlib.com/REDetails.aspx?regexp_id=4992
3359,https://regexlib.com/REDetails.aspx?regexp_id=4993
3360,https://regexlib.com/REDetails.aspx?regexp_id=4994
3361,https://regexlib.com/REDetails.aspx?regexp_id=4995
3365,https://regexlib.com/REDetails.aspx?regexp_id=5008
3367,https://regexlib.com/REDetails.aspx?regexp_id=5018
3368,https://regexlib.com/REDetails.aspx?regexp_id=5019
3376,https://regexlib.com/REDetails.aspx?regexp_id=5055
3377,https://regexlib.com/REDetails.aspx?regexp_id=5056
3380,https://regexlib.com/REDetails.aspx?regexp_id=5064
3381,https://regexlib.com/REDetails.aspx?regexp_id=5068
3383,https://regexlib.com/REDetails.aspx?regexp_id=5086
3384,https://regexlib.com/REDetails.aspx?regexp_id=5087
3385,https://regexlib.com/REDetails.aspx?regexp_id=5088
3387,https://regexlib.com/REDetails.aspx?regexp_id=5090
3389,https://regexlib.com/REDetails.aspx?regexp_id=5092
3394,https://regexlib.com/REDetails.aspx?regexp_id=5111
3398,https://regexlib.com/REDetails.aspx?regexp_id=5125
3408,https://regexlib.com/REDetails.aspx?regexp_id=5148
3417,https://regexlib.com/REDetails.aspx?regexp_id=5157
3420,https://regexlib.com/REDetails.aspx?regexp_id=5160
3425,https://regexlib.com/REDetails.aspx?regexp_id=5165
3426,https://regexlib.com/REDetails.aspx?regexp_id=5166
3427,https://regexlib.com/REDetails.aspx?regexp_id=5167
3428,https://regexlib.com/REDetails.aspx?regexp_id=5168
3430,https://regexlib.com/REDetails.aspx?regexp_id=5170
3431,https://regexlib.com/REDetails.aspx?regexp_id=5171
3434,https://regexlib.com/REDetails.aspx?regexp_id=5174
3440,https://regexlib.com/REDetails.aspx?regexp_id=5183
3444,https://regexlib.com/REDetails.aspx?regexp_id=5202
3445,https://regexlib.com/REDetails.aspx?regexp_id=5211
3446,https://regexlib.com/REDetails.aspx?regexp_id=5226
3448,https://regexlib.com/REDetails.aspx?regexp_id=5233
3449,https://regexlib.com/REDetails.aspx?regexp_id=5234
3454,https://regexlib.com/REDetails.aspx?regexp_id=5239
3457,https://regexlib.com/REDetails.aspx?regexp_id=5242
3459,https://regexlib.com/REDetails.aspx?regexp_id=5244
3460,https://regexlib.com/REDetails.aspx?regexp_id=5245
3467,https://regexlib.com/REDetails.aspx?regexp_id=5255
3473,https://regexlib.com/REDetails.aspx?regexp_id=5261
3475,https://regexlib.com/REDetails.aspx?regexp_id=5263
3478,https://regexlib.com/REDetails.aspx?regexp_id=5266
3481,https://regexlib.com/REDetails.aspx?regexp_id=5297
3483,https://regexlib.com/REDetails.aspx?regexp_id=5304
3488,https://regexlib.com/REDetails.aspx?regexp_id=5311
3491,https://regexlib.com/REDetails.aspx?regexp_id=5318
3492,https://regexlib.com/REDetails.aspx?regexp_id=5319
3494,https://regexlib.com/REDetails.aspx?regexp_id=5329
3498,https://regexlib.com/REDetails.aspx?regexp_id=5341
3503,https://regexlib.com/REDetails.aspx?regexp_id=5361
3504,https://regexlib.com/REDetails.aspx?regexp_id=5362
3505,https://regexlib.com/REDetails.aspx?regexp_id=5384
3506,https://regexlib.com/REDetails.aspx?regexp_id=5391
3507,https://regexlib.com/REDetails.aspx?regexp_id=5393
3508,https://regexlib.com/REDetails.aspx?regexp_id=5398
3512,https://regexlib.com/REDetails.aspx?regexp_id=5419
3527,https://regexlib.com/REDetails.aspx?regexp_id=6684
3543,https://regexlib.com/REDetails.aspx?regexp_id=7008
3545,https://regexlib.com/REDetails.aspx?regexp_id=8070
3546,https://regexlib.com/REDetails.aspx?regexp_id=8074
3549,https://regexlib.com/REDetails.aspx?regexp_id=9141
3556,https://regexlib.com/REDetails.aspx?regexp_id=11600
3560,https://regexlib.com/REDetails.aspx?regexp_id=12777
3561,https://regexlib.com/REDetails.aspx?regexp_id=12778
3563,https://regexlib.com/REDetails.aspx?regexp_id=12821
3569,https://regexlib.com/REDetails.aspx?regexp_id=12936
3571,https://regexlib.com/REDetails.aspx?regexp_id=12945
3573,https://regexlib.com/REDetails.aspx?regexp_id=13025
3601,https://regexlib.com/REDetails.aspx?regexp_id=13222
3612,https://regexlib.com/REDetails.aspx?regexp_id=13247
3657,https://regexlib.com/REDetails.aspx?regexp_id=13769
3712,https://regexlib.com/REDetails.aspx?regexp_id=16011
3731,https://regexlib.com/REDetails.aspx?regexp_id=16995
3734,https://regexlib.com/REDetails.aspx?regexp_id=17279
3736,https://regexlib.com/REDetails.aspx?regexp_id=17281
3737,https://regexlib.com/REDetails.aspx?regexp_id=17282
3753,https://regexlib.com/REDetails.aspx?regexp_id=17551
3772,https://regexlib.com/REDetails.aspx?regexp_id=18070
3779,https://regexlib.com/REDetails.aspx?regexp_id=18143
3786,https://regexlib.com/REDetails.aspx?regexp_id=18506
3787,https://regexlib.com/REDetails.aspx?regexp_id=18542
3791,https://regexlib.com/REDetails.aspx?regexp_id=18876
3800,https://regexlib.com/REDetails.aspx?regexp_id=19674
3803,https://regexlib.com/REDetails.aspx?regexp_id=19885
3805,https://regexlib.com/REDetails.aspx?regexp_id=20153
3806,https://regexlib.com/REDetails.aspx?regexp_id=20201
3811,https://regexlib.com/REDetails.aspx?regexp_id=20642
3813,https://regexlib.com/REDetails.aspx?regexp_id=20777
3814,https://regexlib.com/REDetails.aspx?regexp_id=20778
3825,https://regexlib.com/REDetails.aspx?regexp_id=22576
3860,https://regexlib.com/REDetails.aspx?regexp_id=23730
3879,https://regexlib.com/REDetails.aspx?regexp_id=24137
3882,https://regexlib.com/REDetails.aspx?regexp_id=24231
3889,https://regexlib.com/REDetails.aspx?regexp_id=24505
3893,https://regexlib.com/REDetails.aspx?regexp_id=25525
3902,https://regexlib.com/REDetails.aspx?regexp_id=26030
3906,https://regexlib.com/REDetails.aspx?regexp_id=26116
3909,https://regexlib.com/REDetails.aspx?regexp_id=26481
3910,https://regexlib.com/REDetails.aspx?regexp_id=26804
3912,https://regexlib.com/REDetails.aspx?regexp_id=26806
3915,https://regexlib.com/REDetails.aspx?regexp_id=27112
3923,https://regexlib.com/REDetails.aspx?regexp_id=27371
3934,https://regexlib.com/REDetails.aspx?regexp_id=28637
3936,https://regexlib.com/REDetails.aspx?regexp_id=28735
3945,https://regexlib.com/REDetails.aspx?regexp_id=28829
3951,https://regexlib.com/REDetails.aspx?regexp_id=28884
3981,https://regexlib.com/REDetails.aspx?regexp_id=29924
3983,https://regexlib.com/REDetails.aspx?regexp_id=30022
4006,https://regexlib.com/REDetails.aspx?regexp_id=32034
4010,https://regexlib.com/REDetails.aspx?regexp_id=32606
4013,https://regexlib.com/REDetails.aspx?regexp_id=32982
4014,https://regexlib.com/REDetails.aspx?regexp_id=32983
4015,https://regexlib.com/REDetails.aspx?regexp_id=32984
4029,https://regexlib.com/REDetails.aspx?regexp_id=33291
4034,https://regexlib.com/REDetails.aspx?regexp_id=33335
4041,https://regexlib.com/REDetails.aspx?regexp_id=33427
4042,https://regexlib.com/REDetails.aspx?regexp_id=33452
4043,https://regexlib.com/REDetails.aspx?regexp_id=33453
4044,https://regexlib.com/REDetails.aspx?regexp_id=33454
4047,https://regexlib.com/REDetails.aspx?regexp_id=33471
4051,https://regexlib.com/REDetails.aspx?regexp_id=33703
4067,https://regexlib.com/REDetails.aspx?regexp_id=33921
4072,https://regexlib.com/REDetails.aspx?regexp_id=34065
4086,https://regexlib.com/REDetails.aspx?regexp_id=34381
4087,https://regexlib.com/REDetails.aspx?regexp_id=34382
4107,https://regexlib.com/REDetails.aspx?regexp_id=34720
4110,https://regexlib.com/REDetails.aspx?regexp_id=34794
